USAGE_DATE,FACILITY_NAME,attendance
2018-06-01,PortAventura World,46804
2018-06-01,Tivoli Gardens,20420
2018-06-02,PortAventura World,57940
2018-06-02,Tivoli Gardens,29110
2018-06-03,PortAventura World,44365
2018-06-03,Tivoli Gardens,23727
2018-06-04,PortAventura World,37617
2018-06-04,Tivoli Gardens,15115
2018-06-05,PortAventura World,32438
2018-06-05,Tivoli Gardens,16373
2018-06-06,PortAventura World,28399
2018-06-06,Tivoli Gardens,15831
2018-06-07,PortAventura World,39436
2018-06-07,Tivoli Gardens,16587
2018-06-08,PortAventura World,36459
2018-06-08,Tivoli Gardens,16434
2018-06-09,PortAventura World,52664
2018-06-09,Tivoli Gardens,25776
2018-06-10,PortAventura World,47025
2018-06-10,Tivoli Gardens,34376
2018-06-11,PortAventura World,34984
2018-06-11,Tivoli Gardens,20253
2018-06-12,PortAventura World,34307
2018-06-12,Tivoli Gardens,18715
2018-06-13,PortAventura World,41448
2018-06-13,Tivoli Gardens,21217
2018-06-14,PortAventura World,41817
2018-06-14,Tivoli Gardens,22656
2018-06-15,PortAventura World,42530
2018-06-15,Tivoli Gardens,24449
2018-06-16,PortAventura World,54361
2018-06-16,Tivoli Gardens,28194
2018-06-17,PortAventura World,39359
2018-06-17,Tivoli Gardens,25786
2018-06-18,PortAventura World,37090
2018-06-18,Tivoli Gardens,16283
2018-06-19,PortAventura World,41024
2018-06-19,Tivoli Gardens,19780
2018-06-20,PortAventura World,40455
2018-06-20,Tivoli Gardens,20334
2018-06-21,PortAventura World,42193
2018-06-21,Tivoli Gardens,21564
2018-06-22,PortAventura World,41569
2018-06-22,Tivoli Gardens,19632
2018-06-23,PortAventura World,58821
2018-06-23,Tivoli Gardens,33975
2018-06-24,PortAventura World,49889
2018-06-24,Tivoli Gardens,31151
2018-06-25,PortAventura World,53176
2018-06-25,Tivoli Gardens,24384
2018-06-26,PortAventura World,52876
2018-06-26,Tivoli Gardens,25977
2018-06-27,PortAventura World,50993
2018-06-27,Tivoli Gardens,27053
2018-06-28,PortAventura World,51994
2018-06-28,Tivoli Gardens,27260
2018-06-29,PortAventura World,50478
2018-06-29,Tivoli Gardens,32666
2018-06-30,PortAventura World,58315
2018-06-30,Tivoli Gardens,36005
2018-07-01,PortAventura World,48253
2018-07-01,Tivoli Gardens,28878
2018-07-02,PortAventura World,47915
2018-07-02,Tivoli Gardens,22008
2018-07-03,PortAventura World,46968
2018-07-03,Tivoli Gardens,24406
2018-07-04,PortAventura World,49858
2018-07-04,Tivoli Gardens,25517
2018-07-05,PortAventura World,47216
2018-07-05,Tivoli Gardens,25058
2018-07-06,PortAventura World,43111
2018-07-06,Tivoli Gardens,22756
2018-07-07,PortAventura World,53368
2018-07-07,Tivoli Gardens,33899
2018-07-08,PortAventura World,45474
2018-07-08,Tivoli Gardens,27247
2018-07-09,PortAventura World,47896
2018-07-09,Tivoli Gardens,21876
2018-07-10,PortAventura World,48277
2018-07-10,Tivoli Gardens,24157
2018-07-11,PortAventura World,47003
2018-07-11,Tivoli Gardens,24193
2018-07-12,PortAventura World,49209
2018-07-12,Tivoli Gardens,24531
2018-07-13,PortAventura World,37971
2018-07-13,Tivoli Gardens,19013
2018-07-14,PortAventura World,56394
2018-07-14,Tivoli Gardens,25567
2018-07-15,PortAventura World,37457
2018-07-15,Tivoli Gardens,20521
2018-07-16,PortAventura World,44653
2018-07-16,Tivoli Gardens,19965
2018-07-17,PortAventura World,51942
2018-07-17,Tivoli Gardens,24192
2018-07-18,PortAventura World,52475
2018-07-18,Tivoli Gardens,27635
2018-07-19,PortAventura World,49957
2018-07-19,Tivoli Gardens,25259
2018-07-20,PortAventura World,38078
2018-07-20,Tivoli Gardens,20637
2018-07-21,PortAventura World,59066
2018-07-21,Tivoli Gardens,28007
2018-07-22,PortAventura World,50531
2018-07-22,Tivoli Gardens,26290
2018-07-23,PortAventura World,54214
2018-07-23,Tivoli Gardens,24870
2018-07-24,PortAventura World,58843
2018-07-24,Tivoli Gardens,27505
2018-07-25,PortAventura World,53768
2018-07-25,Tivoli Gardens,27395
2018-07-26,PortAventura World,51283
2018-07-26,Tivoli Gardens,24784
2018-07-27,PortAventura World,42794
2018-07-27,Tivoli Gardens,22053
2018-07-28,PortAventura World,60031
2018-07-28,Tivoli Gardens,28300
2018-07-29,PortAventura World,50327
2018-07-29,Tivoli Gardens,27015
2018-07-30,PortAventura World,53319
2018-07-30,Tivoli Gardens,24944
2018-07-31,PortAventura World,56054
2018-07-31,Tivoli Gardens,27348
2018-08-01,PortAventura World,54946
2018-08-01,Tivoli Gardens,27324
2018-08-02,PortAventura World,52467
2018-08-02,Tivoli Gardens,26237
2018-08-03,PortAventura World,44528
2018-08-03,Tivoli Gardens,21264
2018-08-04,PortAventura World,48875
2018-08-04,Tivoli Gardens,22662
2018-08-05,PortAventura World,44848
2018-08-05,Tivoli Gardens,22506
2018-08-06,PortAventura World,55363
2018-08-06,Tivoli Gardens,24097
2018-08-07,PortAventura World,56383
2018-08-07,Tivoli Gardens,26392
2018-08-08,PortAventura World,72199
2018-08-08,Tivoli Gardens,34996
2018-08-09,PortAventura World,46583
2018-08-09,Tivoli Gardens,26732
2018-08-10,PortAventura World,64516
2018-08-10,Tivoli Gardens,27670
2018-08-11,PortAventura World,61914
2018-08-11,Tivoli Gardens,25711
2018-08-12,PortAventura World,55194
2018-08-12,Tivoli Gardens,24767
2018-08-13,PortAventura World,45891
2018-08-13,Tivoli Gardens,20968
2018-08-14,PortAventura World,61948
2018-08-14,Tivoli Gardens,29767
2018-08-15,PortAventura World,53729
2018-08-15,Tivoli Gardens,27179
2018-08-16,PortAventura World,57342
2018-08-16,Tivoli Gardens,27594
2018-08-17,PortAventura World,53883
2018-08-17,Tivoli Gardens,26386
2018-08-18,PortAventura World,63711
2018-08-18,Tivoli Gardens,29636
2018-08-19,PortAventura World,55109
2018-08-19,Tivoli Gardens,28419
2018-08-20,PortAventura World,57740
2018-08-20,Tivoli Gardens,26799
2018-08-21,PortAventura World,63759
2018-08-21,Tivoli Gardens,29424
2018-08-22,PortAventura World,60196
2018-08-22,Tivoli Gardens,30712
2018-08-23,PortAventura World,77261
2018-08-23,Tivoli Gardens,40414
2018-08-24,PortAventura World,53529
2018-08-24,Tivoli Gardens,27742
2018-08-25,PortAventura World,55503
2018-08-25,Tivoli Gardens,27469
2018-08-26,PortAventura World,54330
2018-08-26,Tivoli Gardens,30153
2018-08-27,PortAventura World,58609
2018-08-27,Tivoli Gardens,27201
2018-08-28,PortAventura World,69559
2018-08-28,Tivoli Gardens,31576
2018-08-29,PortAventura World,43659
2018-08-29,Tivoli Gardens,23412
2018-08-30,PortAventura World,61159
2018-08-30,Tivoli Gardens,30287
2018-08-31,PortAventura World,54800
2018-08-31,Tivoli Gardens,26951
2018-09-01,PortAventura World,57367
2018-09-01,Tivoli Gardens,30008
2018-09-02,PortAventura World,39488
2018-09-02,Tivoli Gardens,23627
2018-09-03,PortAventura World,39006
2018-09-03,Tivoli Gardens,14719
2018-09-04,PortAventura World,39373
2018-09-04,Tivoli Gardens,18247
2018-09-05,PortAventura World,39887
2018-09-05,Tivoli Gardens,19544
2018-09-06,PortAventura World,39810
2018-09-06,Tivoli Gardens,20105
2018-09-07,PortAventura World,38951
2018-09-07,Tivoli Gardens,21130
2018-09-08,PortAventura World,58206
2018-09-08,Tivoli Gardens,30496
2018-09-09,PortAventura World,42245
2018-09-09,Tivoli Gardens,26340
2018-09-10,PortAventura World,34200
2018-09-10,Tivoli Gardens,14236
2018-09-11,PortAventura World,33832
2018-09-11,Tivoli Gardens,15945
2018-09-12,PortAventura World,33776
2018-09-12,Tivoli Gardens,16391
2018-09-13,PortAventura World,26274
2018-09-13,Tivoli Gardens,14288
2018-09-14,PortAventura World,28164
2018-09-14,Tivoli Gardens,14412
2018-09-15,PortAventura World,65538
2018-09-15,Tivoli Gardens,42149
2018-09-16,PortAventura World,38398
2018-09-16,Tivoli Gardens,26011
2018-09-17,PortAventura World,23472
2018-09-17,Tivoli Gardens,10568
2018-09-18,PortAventura World,23130
2018-09-18,Tivoli Gardens,11305
2018-09-19,PortAventura World,25394
2018-09-19,Tivoli Gardens,12196
2018-09-20,PortAventura World,25841
2018-09-20,Tivoli Gardens,12067
2018-09-21,PortAventura World,23372
2018-09-21,Tivoli Gardens,11050
2018-09-22,PortAventura World,57207
2018-09-22,Tivoli Gardens,35421
2018-09-23,PortAventura World,30642
2018-09-23,Tivoli Gardens,21330
2018-09-24,PortAventura World,26803
2018-09-24,Tivoli Gardens,11161
2018-09-25,PortAventura World,23003
2018-09-25,Tivoli Gardens,11433
2018-09-26,PortAventura World,26494
2018-09-26,Tivoli Gardens,12719
2018-09-27,PortAventura World,33657
2018-09-27,Tivoli Gardens,15304
2018-09-28,PortAventura World,30020
2018-09-28,Tivoli Gardens,19714
2018-09-29,PortAventura World,51281
2018-09-29,Tivoli Gardens,28300
2018-09-30,PortAventura World,35059
2018-09-30,Tivoli Gardens,25105
2018-10-01,PortAventura World,25133
2018-10-01,Tivoli Gardens,8172
2018-10-02,PortAventura World,22445
2018-10-02,Tivoli Gardens,10383
2018-10-03,PortAventura World,25118
2018-10-03,Tivoli Gardens,11103
2018-10-04,PortAventura World,30598
2018-10-04,Tivoli Gardens,12121
2018-10-05,PortAventura World,34499
2018-10-05,Tivoli Gardens,13714
2018-10-06,PortAventura World,56522
2018-10-06,Tivoli Gardens,23658
2018-10-07,PortAventura World,35015
2018-10-07,Tivoli Gardens,21031
2018-10-08,PortAventura World,31405
2018-10-08,Tivoli Gardens,11204
2018-10-09,PortAventura World,31077
2018-10-09,Tivoli Gardens,12974
2018-10-10,PortAventura World,33234
2018-10-10,Tivoli Gardens,14379
2018-10-11,PortAventura World,29926
2018-10-11,Tivoli Gardens,12822
2018-10-12,PortAventura World,34840
2018-10-12,Tivoli Gardens,13815
2018-10-13,PortAventura World,62452
2018-10-13,Tivoli Gardens,27233
2018-10-14,PortAventura World,43957
2018-10-14,Tivoli Gardens,23647
2018-10-15,PortAventura World,35839
2018-10-15,Tivoli Gardens,14814
2018-10-16,PortAventura World,36601
2018-10-16,Tivoli Gardens,15673
2018-10-17,PortAventura World,34549
2018-10-17,Tivoli Gardens,17331
2018-10-18,PortAventura World,34626
2018-10-18,Tivoli Gardens,14929
2018-10-19,PortAventura World,35897
2018-10-19,Tivoli Gardens,15564
2018-10-20,PortAventura World,62256
2018-10-20,Tivoli Gardens,27914
2018-10-21,PortAventura World,64262
2018-10-21,Tivoli Gardens,31694
2018-10-22,PortAventura World,53397
2018-10-22,Tivoli Gardens,26060
2018-10-23,PortAventura World,60327
2018-10-23,Tivoli Gardens,28831
2018-10-24,PortAventura World,55532
2018-10-24,Tivoli Gardens,27632
2018-10-25,PortAventura World,59155
2018-10-25,Tivoli Gardens,29638
2018-10-26,PortAventura World,49955
2018-10-26,Tivoli Gardens,24904
2018-10-27,PortAventura World,53644
2018-10-27,Tivoli Gardens,24313
2018-10-28,PortAventura World,50868
2018-10-28,Tivoli Gardens,25885
2018-10-29,PortAventura World,48929
2018-10-29,Tivoli Gardens,23079
2018-10-30,PortAventura World,43201
2018-10-30,Tivoli Gardens,20945
2018-10-31,PortAventura World,64137
2018-10-31,Tivoli Gardens,22122
2018-11-01,PortAventura World,54615
2018-11-01,Tivoli Gardens,25114
2018-11-02,PortAventura World,80123
2018-11-02,Tivoli Gardens,38046
2018-11-03,PortAventura World,65140
2018-11-03,Tivoli Gardens,34205
2018-11-04,PortAventura World,39899
2018-11-04,Tivoli Gardens,22866
2018-11-05,PortAventura World,21204
2018-11-05,Tivoli Gardens,12025
2018-11-06,PortAventura World,17709
2018-11-06,Tivoli Gardens,9495
2018-11-07,PortAventura World,14673
2018-11-07,Tivoli Gardens,8894
2018-11-08,PortAventura World,21227
2018-11-08,Tivoli Gardens,10176
2018-11-09,PortAventura World,25432
2018-11-09,Tivoli Gardens,12763
2018-11-10,PortAventura World,45241
2018-11-10,Tivoli Gardens,22865
2018-11-11,PortAventura World,38117
2018-11-11,Tivoli Gardens,21278
2018-11-12,PortAventura World,25105
2018-11-12,Tivoli Gardens,13238
2018-11-13,PortAventura World,29034
2018-11-13,Tivoli Gardens,15158
2018-11-14,PortAventura World,27534
2018-11-14,Tivoli Gardens,15398
2018-11-15,PortAventura World,28199
2018-11-15,Tivoli Gardens,14876
2018-11-16,PortAventura World,62679
2018-11-16,Tivoli Gardens,16604
2018-11-17,PortAventura World,57083
2018-11-17,Tivoli Gardens,27609
2018-11-18,PortAventura World,50966
2018-11-18,Tivoli Gardens,29855
2018-11-19,PortAventura World,28305
2018-11-19,Tivoli Gardens,14969
2018-11-20,PortAventura World,18513
2018-11-20,Tivoli Gardens,11227
2018-11-21,PortAventura World,24621
2018-11-21,Tivoli Gardens,12143
2018-11-22,PortAventura World,27794
2018-11-22,Tivoli Gardens,14842
2018-11-23,PortAventura World,48311
2018-11-23,Tivoli Gardens,25477
2018-11-24,PortAventura World,57748
2018-11-24,Tivoli Gardens,27126
2018-11-25,PortAventura World,44645
2018-11-25,Tivoli Gardens,28085
2018-11-26,PortAventura World,27289
2018-11-26,Tivoli Gardens,14828
2018-11-27,PortAventura World,23748
2018-11-27,Tivoli Gardens,12839
2018-11-28,PortAventura World,22016
2018-11-28,Tivoli Gardens,12647
2018-11-29,PortAventura World,23474
2018-11-29,Tivoli Gardens,12392
2018-11-30,PortAventura World,46645
2018-11-30,Tivoli Gardens,33582
2018-12-01,PortAventura World,57853
2018-12-01,Tivoli Gardens,28341
2018-12-02,PortAventura World,51015
2018-12-02,Tivoli Gardens,29158
2018-12-03,PortAventura World,34352
2018-12-03,Tivoli Gardens,18368
2018-12-04,PortAventura World,32437
2018-12-04,Tivoli Gardens,16029
2018-12-05,PortAventura World,29044
2018-12-05,Tivoli Gardens,14945
2018-12-06,PortAventura World,33697
2018-12-06,Tivoli Gardens,15078
2018-12-07,PortAventura World,54796
2018-12-07,Tivoli Gardens,34572
2018-12-08,PortAventura World,61284
2018-12-08,Tivoli Gardens,28094
2018-12-09,PortAventura World,41943
2018-12-09,Tivoli Gardens,23052
2018-12-10,PortAventura World,36370
2018-12-10,Tivoli Gardens,17549
2018-12-11,PortAventura World,32422
2018-12-11,Tivoli Gardens,16475
2018-12-12,PortAventura World,32316
2018-12-12,Tivoli Gardens,16637
2018-12-13,PortAventura World,30557
2018-12-13,Tivoli Gardens,15230
2018-12-14,PortAventura World,63758
2018-12-14,Tivoli Gardens,36638
2018-12-15,PortAventura World,57457
2018-12-15,Tivoli Gardens,26995
2018-12-16,PortAventura World,51486
2018-12-16,Tivoli Gardens,29128
2018-12-17,PortAventura World,35466
2018-12-17,Tivoli Gardens,18714
2018-12-18,PortAventura World,55042
2018-12-18,Tivoli Gardens,16687
2018-12-19,PortAventura World,40087
2018-12-19,Tivoli Gardens,17071
2018-12-20,PortAventura World,41981
2018-12-20,Tivoli Gardens,16825
2018-12-21,PortAventura World,56197
2018-12-21,Tivoli Gardens,17630
2018-12-22,PortAventura World,63557
2018-12-22,Tivoli Gardens,30445
2018-12-23,PortAventura World,53217
2018-12-23,Tivoli Gardens,30653
2018-12-24,PortAventura World,52442
2018-12-24,Tivoli Gardens,24823
2018-12-25,PortAventura World,66441
2018-12-25,Tivoli Gardens,32324
2018-12-26,PortAventura World,56065
2018-12-26,Tivoli Gardens,26218
2018-12-27,PortAventura World,72756
2018-12-27,Tivoli Gardens,33540
2018-12-28,PortAventura World,67764
2018-12-28,Tivoli Gardens,34595
2018-12-29,PortAventura World,64695
2018-12-29,Tivoli Gardens,33212
2018-12-30,PortAventura World,64265
2018-12-30,Tivoli Gardens,33488
2018-12-31,PortAventura World,77454
2018-12-31,Tivoli Gardens,35366
2019-01-01,PortAventura World,57824
2019-01-01,Tivoli Gardens,30185
2019-01-02,PortAventura World,62595
2019-01-02,Tivoli Gardens,30794
2019-01-03,PortAventura World,66944
2019-01-03,Tivoli Gardens,36425
2019-01-04,PortAventura World,63066
2019-01-04,Tivoli Gardens,35268
2019-01-05,PortAventura World,70032
2019-01-05,Tivoli Gardens,40953
2019-01-06,PortAventura World,44651
2019-01-06,Tivoli Gardens,31550
2019-01-07,PortAventura World,22099
2019-01-07,Tivoli Gardens,13100
2019-01-08,PortAventura World,16814
2019-01-08,Tivoli Gardens,10054
2019-01-09,PortAventura World,14620
2019-01-09,Tivoli Gardens,8010
2019-01-10,PortAventura World,17599
2019-01-10,Tivoli Gardens,9241
2019-01-11,PortAventura World,16358
2019-01-11,Tivoli Gardens,8744
2019-01-12,PortAventura World,47741
2019-01-12,Tivoli Gardens,26445
2019-01-13,PortAventura World,37696
2019-01-13,Tivoli Gardens,25281
2019-01-14,PortAventura World,17846
2019-01-14,Tivoli Gardens,11402
2019-01-15,PortAventura World,14418
2019-01-15,Tivoli Gardens,9306
2019-01-16,PortAventura World,12922
2019-01-16,Tivoli Gardens,8598
2019-01-17,PortAventura World,12637
2019-01-17,Tivoli Gardens,7910
2019-01-18,PortAventura World,14575
2019-01-18,Tivoli Gardens,8501
2019-01-19,PortAventura World,41507
2019-01-19,Tivoli Gardens,22443
2019-01-20,PortAventura World,33450
2019-01-20,Tivoli Gardens,22914
2019-01-21,PortAventura World,16913
2019-01-21,Tivoli Gardens,10004
2019-01-22,PortAventura World,8773
2019-01-22,Tivoli Gardens,5607
2019-01-23,PortAventura World,8601
2019-01-23,Tivoli Gardens,5620
2019-01-24,PortAventura World,12157
2019-01-24,Tivoli Gardens,6587
2019-01-25,PortAventura World,14421
2019-01-25,Tivoli Gardens,8172
2019-01-26,PortAventura World,44483
2019-01-26,Tivoli Gardens,24104
2019-01-27,PortAventura World,29188
2019-01-27,Tivoli Gardens,21154
2019-01-28,PortAventura World,17564
2019-01-28,Tivoli Gardens,9569
2019-01-29,PortAventura World,10436
2019-01-29,Tivoli Gardens,8353
2019-01-30,PortAventura World,9421
2019-01-30,Tivoli Gardens,5320
2019-01-31,PortAventura World,10581
2019-01-31,Tivoli Gardens,6662
2019-02-01,PortAventura World,15119
2019-02-01,Tivoli Gardens,8546
2019-02-02,PortAventura World,37769
2019-02-02,Tivoli Gardens,21401
2019-02-03,PortAventura World,39642
2019-02-03,Tivoli Gardens,24964
2019-02-04,PortAventura World,19274
2019-02-04,Tivoli Gardens,12537
2019-02-05,PortAventura World,19260
2019-02-05,Tivoli Gardens,11987
2019-02-06,PortAventura World,16466
2019-02-06,Tivoli Gardens,10451
2019-02-07,PortAventura World,18016
2019-02-07,Tivoli Gardens,10639
2019-02-08,PortAventura World,20953
2019-02-08,Tivoli Gardens,12803
2019-02-09,PortAventura World,44534
2019-02-09,Tivoli Gardens,30800
2019-02-10,PortAventura World,29321
2019-02-10,Tivoli Gardens,22302
2019-02-11,PortAventura World,31171
2019-02-11,Tivoli Gardens,19710
2019-02-12,PortAventura World,30311
2019-02-12,Tivoli Gardens,20744
2019-02-13,PortAventura World,30451
2019-02-13,Tivoli Gardens,20358
2019-02-14,PortAventura World,36569
2019-02-14,Tivoli Gardens,22690
2019-02-15,PortAventura World,31839
2019-02-15,Tivoli Gardens,20318
2019-02-16,PortAventura World,58249
2019-02-16,Tivoli Gardens,33346
2019-02-17,PortAventura World,53777
2019-02-17,Tivoli Gardens,35937
2019-02-18,PortAventura World,40835
2019-02-18,Tivoli Gardens,24419
2019-02-19,PortAventura World,39152
2019-02-19,Tivoli Gardens,24265
2019-02-20,PortAventura World,37296
2019-02-20,Tivoli Gardens,23594
2019-02-21,PortAventura World,41614
2019-02-21,Tivoli Gardens,25873
2019-02-22,PortAventura World,38942
2019-02-22,Tivoli Gardens,23905
2019-02-23,PortAventura World,53531
2019-02-23,Tivoli Gardens,32161
2019-02-24,PortAventura World,44358
2019-02-24,Tivoli Gardens,28351
2019-02-25,PortAventura World,39184
2019-02-25,Tivoli Gardens,23854
2019-02-26,PortAventura World,38867
2019-02-26,Tivoli Gardens,23952
2019-02-27,PortAventura World,39306
2019-02-27,Tivoli Gardens,23866
2019-02-28,PortAventura World,32413
2019-02-28,Tivoli Gardens,20833
2019-03-01,PortAventura World,36466
2019-03-01,Tivoli Gardens,22033
2019-03-02,PortAventura World,51132
2019-03-02,Tivoli Gardens,30464
2019-03-03,PortAventura World,43795
2019-03-03,Tivoli Gardens,27126
2019-03-04,PortAventura World,35287
2019-03-04,Tivoli Gardens,23137
2019-03-05,PortAventura World,37480
2019-03-05,Tivoli Gardens,23046
2019-03-06,PortAventura World,32085
2019-03-06,Tivoli Gardens,21736
2019-03-07,PortAventura World,41970
2019-03-07,Tivoli Gardens,27210
2019-03-08,PortAventura World,49850
2019-03-08,Tivoli Gardens,32421
2019-03-09,PortAventura World,57389
2019-03-09,Tivoli Gardens,36128
2019-03-10,PortAventura World,40347
2019-03-10,Tivoli Gardens,26656
2019-03-11,PortAventura World,30328
2019-03-11,Tivoli Gardens,20176
2019-03-12,PortAventura World,22442
2019-03-12,Tivoli Gardens,16760
2019-03-13,PortAventura World,21482
2019-03-13,Tivoli Gardens,16199
2019-03-14,PortAventura World,19230
2019-03-14,Tivoli Gardens,13418
2019-03-15,PortAventura World,33311
2019-03-15,Tivoli Gardens,19214
2019-03-16,PortAventura World,68675
2019-03-16,Tivoli Gardens,44052
2019-03-17,PortAventura World,43948
2019-03-17,Tivoli Gardens,32486
2019-03-18,PortAventura World,35527
2019-03-18,Tivoli Gardens,18409
2019-03-19,PortAventura World,33175
2019-03-19,Tivoli Gardens,18162
2019-03-20,PortAventura World,32131
2019-03-20,Tivoli Gardens,16913
2019-03-21,PortAventura World,34365
2019-03-21,Tivoli Gardens,17800
2019-03-22,PortAventura World,44921
2019-03-22,Tivoli Gardens,20010
2019-03-23,PortAventura World,76916
2019-03-23,Tivoli Gardens,43208
2019-03-24,PortAventura World,58040
2019-03-24,Tivoli Gardens,35371
2019-03-25,PortAventura World,38068
2019-03-25,Tivoli Gardens,20676
2019-03-26,PortAventura World,31067
2019-03-26,Tivoli Gardens,19266
2019-03-27,PortAventura World,32533
2019-03-27,Tivoli Gardens,16127
2019-03-28,PortAventura World,37412
2019-03-28,Tivoli Gardens,18897
2019-03-29,PortAventura World,41942
2019-03-29,Tivoli Gardens,20509
2019-03-30,PortAventura World,77740
2019-03-30,Tivoli Gardens,42832
2019-03-31,PortAventura World,61826
2019-03-31,Tivoli Gardens,37985
2019-04-01,PortAventura World,39438
2019-04-01,Tivoli Gardens,19046
2019-04-02,PortAventura World,25884
2019-04-02,Tivoli Gardens,14682
2019-04-03,PortAventura World,28436
2019-04-03,Tivoli Gardens,15617
2019-04-04,PortAventura World,35058
2019-04-04,Tivoli Gardens,17249
2019-04-05,PortAventura World,37280
2019-04-05,Tivoli Gardens,18304
2019-04-06,PortAventura World,51173
2019-04-06,Tivoli Gardens,25844
2019-04-07,PortAventura World,47711
2019-04-07,Tivoli Gardens,26638
2019-04-08,PortAventura World,50159
2019-04-08,Tivoli Gardens,25333
2019-04-09,PortAventura World,48204
2019-04-09,Tivoli Gardens,27137
2019-04-10,PortAventura World,44031
2019-04-10,Tivoli Gardens,26453
2019-04-11,PortAventura World,55586
2019-04-11,Tivoli Gardens,29058
2019-04-12,PortAventura World,47621
2019-04-12,Tivoli Gardens,25203
2019-04-13,PortAventura World,53011
2019-04-13,Tivoli Gardens,26675
2019-04-14,PortAventura World,48908
2019-04-14,Tivoli Gardens,26704
2019-04-15,PortAventura World,61281
2019-04-15,Tivoli Gardens,27820
2019-04-16,PortAventura World,49219
2019-04-16,Tivoli Gardens,28610
2019-04-17,PortAventura World,61469
2019-04-17,Tivoli Gardens,31484
2019-04-18,PortAventura World,63702
2019-04-18,Tivoli Gardens,31736
2019-04-19,PortAventura World,61252
2019-04-19,Tivoli Gardens,28761
2019-04-20,PortAventura World,63984
2019-04-20,Tivoli Gardens,29016
2019-04-21,PortAventura World,59853
2019-04-21,Tivoli Gardens,31438
2019-04-22,PortAventura World,52835
2019-04-22,Tivoli Gardens,26182
2019-04-23,PortAventura World,65080
2019-04-23,Tivoli Gardens,29818
2019-04-24,PortAventura World,56153
2019-04-24,Tivoli Gardens,27831
2019-04-25,PortAventura World,47643
2019-04-25,Tivoli Gardens,27069
2019-04-26,PortAventura World,53548
2019-04-26,Tivoli Gardens,25954
2019-04-27,PortAventura World,44958
2019-04-27,Tivoli Gardens,24141
2019-04-28,PortAventura World,39483
2019-04-28,Tivoli Gardens,22564
2019-04-29,PortAventura World,50273
2019-04-29,Tivoli Gardens,22858
2019-04-30,PortAventura World,57215
2019-04-30,Tivoli Gardens,26522
2019-05-01,PortAventura World,56939
2019-05-01,Tivoli Gardens,28775
2019-05-02,PortAventura World,43709
2019-05-02,Tivoli Gardens,22565
2019-05-03,PortAventura World,48140
2019-05-03,Tivoli Gardens,23177
2019-05-04,PortAventura World,40154
2019-05-04,Tivoli Gardens,21568
2019-05-05,PortAventura World,35605
2019-05-05,Tivoli Gardens,19525
2019-05-06,PortAventura World,30545
2019-05-06,Tivoli Gardens,12689
2019-05-07,PortAventura World,33640
2019-05-07,Tivoli Gardens,15558
2019-05-08,PortAventura World,26226
2019-05-08,Tivoli Gardens,15126
2019-05-09,PortAventura World,31218
2019-05-09,Tivoli Gardens,14597
2019-05-10,PortAventura World,29501
2019-05-10,Tivoli Gardens,15472
2019-05-11,PortAventura World,38162
2019-05-11,Tivoli Gardens,20618
2019-05-12,PortAventura World,43272
2019-05-12,Tivoli Gardens,24618
2019-05-13,PortAventura World,34158
2019-05-13,Tivoli Gardens,14243
2019-05-14,PortAventura World,34544
2019-05-14,Tivoli Gardens,16693
2019-05-15,PortAventura World,34548
2019-05-15,Tivoli Gardens,16458
2019-05-16,PortAventura World,38609
2019-05-16,Tivoli Gardens,17592
2019-05-17,PortAventura World,38478
2019-05-17,Tivoli Gardens,17934
2019-05-18,PortAventura World,52973
2019-05-18,Tivoli Gardens,27403
2019-05-19,PortAventura World,34864
2019-05-19,Tivoli Gardens,22959
2019-05-20,PortAventura World,19335
2019-05-20,Tivoli Gardens,15946
2019-05-21,PortAventura World,32923
2019-05-21,Tivoli Gardens,14910
2019-05-22,PortAventura World,34939
2019-05-22,Tivoli Gardens,16124
2019-05-23,PortAventura World,37732
2019-05-23,Tivoli Gardens,17461
2019-05-24,PortAventura World,38899
2019-05-24,Tivoli Gardens,18598
2019-05-25,PortAventura World,50372
2019-05-25,Tivoli Gardens,26572
2019-05-26,PortAventura World,40829
2019-05-26,Tivoli Gardens,23306
2019-05-27,PortAventura World,41258
2019-05-27,Tivoli Gardens,17386
2019-05-28,PortAventura World,38546
2019-05-28,Tivoli Gardens,18194
2019-05-29,PortAventura World,53379
2019-05-29,Tivoli Gardens,24873
2019-05-30,PortAventura World,57816
2019-05-30,Tivoli Gardens,30446
2019-05-31,PortAventura World,76906
2019-05-31,Tivoli Gardens,38512
2019-06-01,PortAventura World,62758
2019-06-01,Tivoli Gardens,36127
2019-06-02,PortAventura World,38657
2019-06-02,Tivoli Gardens,21881
2019-06-03,PortAventura World,35552
2019-06-03,Tivoli Gardens,15919
2019-06-04,PortAventura World,35401
2019-06-04,Tivoli Gardens,17342
2019-06-05,PortAventura World,22292
2019-06-05,Tivoli Gardens,16902
2019-06-06,PortAventura World,46353
2019-06-06,Tivoli Gardens,20424
2019-06-07,PortAventura World,31650
2019-06-07,Tivoli Gardens,17995
2019-06-08,PortAventura World,58737
2019-06-08,Tivoli Gardens,26420
2019-06-09,PortAventura World,65317
2019-06-09,Tivoli Gardens,34799
2019-06-10,PortAventura World,45340
2019-06-10,Tivoli Gardens,23975
2019-06-11,PortAventura World,40891
2019-06-11,Tivoli Gardens,20247
2019-06-12,PortAventura World,36393
2019-06-12,Tivoli Gardens,18957
2019-06-13,PortAventura World,44548
2019-06-13,Tivoli Gardens,21733
2019-06-14,PortAventura World,41605
2019-06-14,Tivoli Gardens,20039
2019-06-15,PortAventura World,61113
2019-06-15,Tivoli Gardens,31729
2019-06-16,PortAventura World,39644
2019-06-16,Tivoli Gardens,26428
2019-06-17,PortAventura World,43484
2019-06-17,Tivoli Gardens,16327
2019-06-18,PortAventura World,43642
2019-06-18,Tivoli Gardens,19827
2019-06-19,PortAventura World,36273
2019-06-19,Tivoli Gardens,17618
2019-06-20,PortAventura World,42419
2019-06-20,Tivoli Gardens,19718
2019-06-21,PortAventura World,52315
2019-06-21,Tivoli Gardens,21964
2019-06-22,PortAventura World,58197
2019-06-22,Tivoli Gardens,27569
2019-06-23,PortAventura World,49349
2019-06-23,Tivoli Gardens,26706
2019-06-24,PortAventura World,51218
2019-06-24,Tivoli Gardens,21355
2019-06-25,PortAventura World,49541
2019-06-25,Tivoli Gardens,22642
2019-06-26,PortAventura World,48378
2019-06-26,Tivoli Gardens,23376
2019-06-27,PortAventura World,49963
2019-06-27,Tivoli Gardens,23735
2019-06-28,PortAventura World,44823
2019-06-28,Tivoli Gardens,22203
2019-06-29,PortAventura World,49626
2019-06-29,Tivoli Gardens,23397
2019-06-30,PortAventura World,50615
2019-06-30,Tivoli Gardens,25214
2019-07-01,PortAventura World,51121
2019-07-01,Tivoli Gardens,21377
2019-07-02,PortAventura World,53008
2019-07-02,Tivoli Gardens,23861
2019-07-03,PortAventura World,50710
2019-07-03,Tivoli Gardens,23598
2019-07-04,PortAventura World,50839
2019-07-04,Tivoli Gardens,24038
2019-07-05,PortAventura World,45844
2019-07-05,Tivoli Gardens,26295
2019-07-06,PortAventura World,57334
2019-07-06,Tivoli Gardens,28897
2019-07-07,PortAventura World,52112
2019-07-07,Tivoli Gardens,30812
2019-07-08,PortAventura World,50665
2019-07-08,Tivoli Gardens,21582
2019-07-09,PortAventura World,54078
2019-07-09,Tivoli Gardens,23854
2019-07-10,PortAventura World,49217
2019-07-10,Tivoli Gardens,23009
2019-07-11,PortAventura World,51124
2019-07-11,Tivoli Gardens,24221
2019-07-12,PortAventura World,46768
2019-07-12,Tivoli Gardens,26532
2019-07-13,PortAventura World,54936
2019-07-13,Tivoli Gardens,24084
2019-07-14,PortAventura World,51575
2019-07-14,Tivoli Gardens,24505
2019-07-15,PortAventura World,46954
2019-07-15,Tivoli Gardens,20312
2019-07-16,PortAventura World,56142
2019-07-16,Tivoli Gardens,25125
2019-07-17,PortAventura World,54130
2019-07-17,Tivoli Gardens,25212
2019-07-18,PortAventura World,51951
2019-07-18,Tivoli Gardens,25531
2019-07-19,PortAventura World,47240
2019-07-19,Tivoli Gardens,21068
2019-07-20,PortAventura World,59714
2019-07-20,Tivoli Gardens,25441
2019-07-21,PortAventura World,52626
2019-07-21,Tivoli Gardens,25367
2019-07-22,PortAventura World,53389
2019-07-22,Tivoli Gardens,22110
2019-07-23,PortAventura World,53037
2019-07-23,Tivoli Gardens,22422
2019-07-24,PortAventura World,46183
2019-07-24,Tivoli Gardens,21185
2019-07-25,PortAventura World,38936
2019-07-25,Tivoli Gardens,17743
2019-07-26,PortAventura World,49861
2019-07-26,Tivoli Gardens,21942
2019-07-27,PortAventura World,49341
2019-07-27,Tivoli Gardens,22341
2019-07-28,PortAventura World,55672
2019-07-28,Tivoli Gardens,27256
2019-07-29,PortAventura World,56132
2019-07-29,Tivoli Gardens,23190
2019-07-30,PortAventura World,57014
2019-07-30,Tivoli Gardens,24572
2019-07-31,PortAventura World,55131
2019-07-31,Tivoli Gardens,25835
2019-08-01,PortAventura World,54248
2019-08-01,Tivoli Gardens,24746
2019-08-02,PortAventura World,46503
2019-08-02,Tivoli Gardens,21951
2019-08-03,PortAventura World,58228
2019-08-03,Tivoli Gardens,24499
2019-08-04,PortAventura World,51596
2019-08-04,Tivoli Gardens,25071
2019-08-05,PortAventura World,61462
2019-08-05,Tivoli Gardens,24633
2019-08-06,PortAventura World,60123
2019-08-06,Tivoli Gardens,25705
2019-08-07,PortAventura World,63269
2019-08-07,Tivoli Gardens,28196
2019-08-08,PortAventura World,72370
2019-08-08,Tivoli Gardens,31266
2019-08-09,PortAventura World,43737
2019-08-09,Tivoli Gardens,21809
2019-08-10,PortAventura World,64884
2019-08-10,Tivoli Gardens,27550
2019-08-11,PortAventura World,55270
2019-08-11,Tivoli Gardens,26665
2019-08-12,PortAventura World,55670
2019-08-12,Tivoli Gardens,24487
2019-08-13,PortAventura World,80642
2019-08-13,Tivoli Gardens,34945
2019-08-14,PortAventura World,63313
2019-08-14,Tivoli Gardens,28300
2019-08-15,PortAventura World,52264
2019-08-15,Tivoli Gardens,25372
2019-08-16,PortAventura World,65095
2019-08-16,Tivoli Gardens,28228
2019-08-17,PortAventura World,44813
2019-08-17,Tivoli Gardens,23446
2019-08-18,PortAventura World,45107
2019-08-18,Tivoli Gardens,22605
2019-08-19,PortAventura World,67589
2019-08-19,Tivoli Gardens,27398
2019-08-20,PortAventura World,69036
2019-08-20,Tivoli Gardens,30348
2019-08-21,PortAventura World,67023
2019-08-21,Tivoli Gardens,29720
2019-08-22,PortAventura World,67094
2019-08-22,Tivoli Gardens,30193
2019-08-23,PortAventura World,57831
2019-08-23,Tivoli Gardens,26513
2019-08-24,PortAventura World,68202
2019-08-24,Tivoli Gardens,29930
2019-08-25,PortAventura World,59389
2019-08-25,Tivoli Gardens,28826
2019-08-26,PortAventura World,55277
2019-08-26,Tivoli Gardens,24431
2019-08-27,PortAventura World,56983
2019-08-27,Tivoli Gardens,25830
2019-08-28,PortAventura World,54958
2019-08-28,Tivoli Gardens,25904
2019-08-29,PortAventura World,60125
2019-08-29,Tivoli Gardens,27226
2019-08-30,PortAventura World,52321
2019-08-30,Tivoli Gardens,23993
2019-08-31,PortAventura World,62434
2019-08-31,Tivoli Gardens,29712
2019-09-01,PortAventura World,47961
2019-09-01,Tivoli Gardens,30238
2019-09-02,PortAventura World,41301
2019-09-02,Tivoli Gardens,14956
2019-09-03,PortAventura World,43508
2019-09-03,Tivoli Gardens,17467
2019-09-04,PortAventura World,41358
2019-09-04,Tivoli Gardens,18189
2019-09-05,PortAventura World,41424
2019-09-05,Tivoli Gardens,18157
2019-09-06,PortAventura World,40299
2019-09-06,Tivoli Gardens,17416
2019-09-07,PortAventura World,56749
2019-09-07,Tivoli Gardens,25478
2019-09-08,PortAventura World,44303
2019-09-08,Tivoli Gardens,24836
2019-09-09,PortAventura World,36037
2019-09-09,Tivoli Gardens,13568
2019-09-10,PortAventura World,34916
2019-09-10,Tivoli Gardens,14742
2019-09-11,PortAventura World,35057
2019-09-11,Tivoli Gardens,15335
2019-09-12,PortAventura World,34557
2019-09-12,Tivoli Gardens,15611
2019-09-13,PortAventura World,40240
2019-09-13,Tivoli Gardens,16061
2019-09-14,PortAventura World,71663
2019-09-14,Tivoli Gardens,32245
2019-09-15,PortAventura World,51071
2019-09-15,Tivoli Gardens,27907
2019-09-16,PortAventura World,33619
2019-09-16,Tivoli Gardens,13777
2019-09-17,PortAventura World,31764
2019-09-17,Tivoli Gardens,14516
2019-09-18,PortAventura World,31807
2019-09-18,Tivoli Gardens,14593
2019-09-19,PortAventura World,30673
2019-09-19,Tivoli Gardens,14105
2019-09-20,PortAventura World,32302
2019-09-20,Tivoli Gardens,13497
2019-09-21,PortAventura World,65766
2019-09-21,Tivoli Gardens,29791
2019-09-22,PortAventura World,36942
2019-09-22,Tivoli Gardens,22055
2019-09-23,PortAventura World,32219
2019-09-23,Tivoli Gardens,13146
2019-09-24,PortAventura World,21960
2019-09-24,Tivoli Gardens,12018
2019-09-25,PortAventura World,22904
2019-09-25,Tivoli Gardens,12133
2019-09-26,PortAventura World,27085
2019-09-26,Tivoli Gardens,12541
2019-09-27,PortAventura World,53195
2019-09-27,Tivoli Gardens,21367
2019-09-28,PortAventura World,64717
2019-09-28,Tivoli Gardens,30136
2019-09-29,PortAventura World,33343
2019-09-29,Tivoli Gardens,22592
2019-09-30,PortAventura World,28027
2019-09-30,Tivoli Gardens,11897
2019-10-01,PortAventura World,18453
2019-10-01,Tivoli Gardens,9021
2019-10-02,PortAventura World,26186
2019-10-02,Tivoli Gardens,10379
2019-10-03,PortAventura World,30820
2019-10-03,Tivoli Gardens,12543
2019-10-04,PortAventura World,57224
2019-10-04,Tivoli Gardens,14517
2019-10-05,PortAventura World,51402
2019-10-05,Tivoli Gardens,22172
2019-10-06,PortAventura World,38424
2019-10-06,Tivoli Gardens,21644
2019-10-07,PortAventura World,36372
2019-10-07,Tivoli Gardens,13983
2019-10-08,PortAventura World,24529
2019-10-08,Tivoli Gardens,12551
2019-10-09,PortAventura World,27279
2019-10-09,Tivoli Gardens,12447
2019-10-10,PortAventura World,34812
2019-10-10,Tivoli Gardens,15367
2019-10-11,PortAventura World,35928
2019-10-11,Tivoli Gardens,15089
2019-10-12,PortAventura World,58539
2019-10-12,Tivoli Gardens,25437
2019-10-13,PortAventura World,54123
2019-10-13,Tivoli Gardens,26996
2019-10-14,PortAventura World,37665
2019-10-14,Tivoli Gardens,14078
2019-10-15,PortAventura World,36461
2019-10-15,Tivoli Gardens,16999
2019-10-16,PortAventura World,30652
2019-10-16,Tivoli Gardens,16064
2019-10-17,PortAventura World,35526
2019-10-17,Tivoli Gardens,16653
2019-10-18,PortAventura World,36948
2019-10-18,Tivoli Gardens,15673
2019-10-19,PortAventura World,48701
2019-10-19,Tivoli Gardens,21027
2019-10-20,PortAventura World,38304
2019-10-20,Tivoli Gardens,23318
2019-10-21,PortAventura World,46848
2019-10-21,Tivoli Gardens,21499
2019-10-22,PortAventura World,52307
2019-10-22,Tivoli Gardens,26172
2019-10-23,PortAventura World,51801
2019-10-23,Tivoli Gardens,27092
2019-10-24,PortAventura World,51839
2019-10-24,Tivoli Gardens,24677
2019-10-25,PortAventura World,48583
2019-10-25,Tivoli Gardens,21178
2019-10-26,PortAventura World,74214
2019-10-26,Tivoli Gardens,26545
2019-10-27,PortAventura World,41984
2019-10-27,Tivoli Gardens,21755
2019-10-28,PortAventura World,54762
2019-10-28,Tivoli Gardens,23181
2019-10-29,PortAventura World,55267
2019-10-29,Tivoli Gardens,24814
2019-10-30,PortAventura World,56027
2019-10-30,Tivoli Gardens,24406
2019-10-31,PortAventura World,72825
2019-10-31,Tivoli Gardens,23305
2019-11-01,PortAventura World,49755
2019-11-01,Tivoli Gardens,24528
2019-11-02,PortAventura World,57619
2019-11-02,Tivoli Gardens,28551
2019-11-03,PortAventura World,38280
2019-11-03,Tivoli Gardens,23198
2019-11-04,PortAventura World,22779
2019-11-04,Tivoli Gardens,12344
2019-11-05,PortAventura World,17075
2019-11-05,Tivoli Gardens,7817
2019-11-06,PortAventura World,18870
2019-11-06,Tivoli Gardens,9466
2019-11-07,PortAventura World,20750
2019-11-07,Tivoli Gardens,9256
2019-11-08,PortAventura World,25364
2019-11-08,Tivoli Gardens,10890
2019-11-09,PortAventura World,53995
2019-11-09,Tivoli Gardens,22275
2019-11-10,PortAventura World,67251
2019-11-10,Tivoli Gardens,33352
2019-11-11,PortAventura World,39912
2019-11-11,Tivoli Gardens,20394
2019-11-12,PortAventura World,28400
2019-11-12,Tivoli Gardens,13364
2019-11-13,PortAventura World,25693
2019-11-13,Tivoli Gardens,11515
2019-11-14,PortAventura World,26259
2019-11-14,Tivoli Gardens,11693
2019-11-15,PortAventura World,24173
2019-11-15,Tivoli Gardens,13316
2019-11-16,PortAventura World,55621
2019-11-16,Tivoli Gardens,25706
2019-11-17,PortAventura World,47251
2019-11-17,Tivoli Gardens,27243
2019-11-18,PortAventura World,25865
2019-11-18,Tivoli Gardens,13918
2019-11-19,PortAventura World,29147
2019-11-19,Tivoli Gardens,14544
2019-11-20,PortAventura World,27630
2019-11-20,Tivoli Gardens,13739
2019-11-21,PortAventura World,26592
2019-11-21,Tivoli Gardens,14252
2019-11-22,PortAventura World,51237
2019-11-22,Tivoli Gardens,33714
2019-11-23,PortAventura World,53678
2019-11-23,Tivoli Gardens,26093
2019-11-24,PortAventura World,50555
2019-11-24,Tivoli Gardens,27467
2019-11-25,PortAventura World,29383
2019-11-25,Tivoli Gardens,14891
2019-11-26,PortAventura World,24100
2019-11-26,Tivoli Gardens,12971
2019-11-27,PortAventura World,21731
2019-11-27,Tivoli Gardens,11219
2019-11-28,PortAventura World,25767
2019-11-28,Tivoli Gardens,12744
2019-11-29,PortAventura World,55331
2019-11-29,Tivoli Gardens,35017
2019-11-30,PortAventura World,60014
2019-11-30,Tivoli Gardens,25212
2019-12-01,PortAventura World,43519
2019-12-01,Tivoli Gardens,23342
2019-12-02,PortAventura World,31301
2019-12-02,Tivoli Gardens,15819
2019-12-03,PortAventura World,25496
2019-12-03,Tivoli Gardens,13643
2019-12-04,PortAventura World,24900
2019-12-04,Tivoli Gardens,13091
2019-12-05,PortAventura World,25649
2019-12-05,Tivoli Gardens,13269
2019-12-06,PortAventura World,47194
2019-12-06,Tivoli Gardens,30297
2019-12-07,PortAventura World,56747
2019-12-07,Tivoli Gardens,23121
2019-12-08,PortAventura World,39819
2019-12-08,Tivoli Gardens,23181
2019-12-09,PortAventura World,26402
2019-12-09,Tivoli Gardens,13225
2019-12-10,PortAventura World,27249
2019-12-10,Tivoli Gardens,12862
2019-12-11,PortAventura World,23359
2019-12-11,Tivoli Gardens,12114
2019-12-12,PortAventura World,26905
2019-12-12,Tivoli Gardens,12148
2019-12-13,PortAventura World,52739
2019-12-13,Tivoli Gardens,13851
2019-12-14,PortAventura World,59334
2019-12-14,Tivoli Gardens,24288
2019-12-15,PortAventura World,48955
2019-12-15,Tivoli Gardens,25025
2019-12-16,PortAventura World,29312
2019-12-16,Tivoli Gardens,15324
2019-12-17,PortAventura World,49853
2019-12-17,Tivoli Gardens,14415
2019-12-18,PortAventura World,38041
2019-12-18,Tivoli Gardens,14106
2019-12-19,PortAventura World,36101
2019-12-19,Tivoli Gardens,13967
2019-12-20,PortAventura World,57672
2019-12-20,Tivoli Gardens,13447
2019-12-21,PortAventura World,45725
2019-12-21,Tivoli Gardens,18729
2019-12-22,PortAventura World,49538
2019-12-22,Tivoli Gardens,23657
2019-12-23,PortAventura World,54043
2019-12-23,Tivoli Gardens,23858
2019-12-24,PortAventura World,46435
2019-12-24,Tivoli Gardens,19611
2019-12-25,PortAventura World,61971
2019-12-25,Tivoli Gardens,27076
2019-12-26,PortAventura World,59816
2019-12-26,Tivoli Gardens,27000
2019-12-27,PortAventura World,68255
2019-12-27,Tivoli Gardens,30380
2019-12-28,PortAventura World,72849
2019-12-28,Tivoli Gardens,33499
2019-12-29,PortAventura World,65991
2019-12-29,Tivoli Gardens,32446
2019-12-30,PortAventura World,76116
2019-12-30,Tivoli Gardens,34008
2019-12-31,PortAventura World,74321
2019-12-31,Tivoli Gardens,31516
2020-01-01,PortAventura World,51759
2020-01-01,Tivoli Gardens,25499
2020-01-02,PortAventura World,64609
2020-01-02,Tivoli Gardens,28816
2020-01-03,PortAventura World,62575
2020-01-03,Tivoli Gardens,31048
2020-01-04,PortAventura World,64796
2020-01-04,Tivoli Gardens,31952
2020-01-05,PortAventura World,43240
2020-01-05,Tivoli Gardens,24298
2020-01-06,PortAventura World,31702
2020-01-06,Tivoli Gardens,16966
2020-01-07,PortAventura World,22944
2020-01-07,Tivoli Gardens,14007
2020-01-08,PortAventura World,20885
2020-01-08,Tivoli Gardens,13266
2020-01-09,PortAventura World,16591
2020-01-09,Tivoli Gardens,11974
2020-01-10,PortAventura World,28901
2020-01-10,Tivoli Gardens,11397
2020-01-11,PortAventura World,77391
2020-01-11,Tivoli Gardens,30716
2020-01-12,PortAventura World,41027
2020-01-12,Tivoli Gardens,27918
2020-01-13,PortAventura World,26946
2020-01-13,Tivoli Gardens,18423
2020-01-14,PortAventura World,18509
2020-01-14,Tivoli Gardens,13274
2020-01-15,PortAventura World,16166
2020-01-15,Tivoli Gardens,11723
2020-01-16,PortAventura World,20196
2020-01-16,Tivoli Gardens,13341
2020-01-17,PortAventura World,18366
2020-01-17,Tivoli Gardens,11642
2020-01-18,PortAventura World,53819
2020-01-18,Tivoli Gardens,32336
2020-01-19,PortAventura World,42895
2020-01-19,Tivoli Gardens,30339
2020-01-20,PortAventura World,23209
2020-01-20,Tivoli Gardens,16178
2020-01-21,PortAventura World,16359
2020-01-21,Tivoli Gardens,10875
2020-01-22,PortAventura World,15295
2020-01-22,Tivoli Gardens,10362
2020-01-23,PortAventura World,16507
2020-01-23,Tivoli Gardens,9777
2020-01-24,PortAventura World,22805
2020-01-24,Tivoli Gardens,14488
2020-01-25,PortAventura World,50495
2020-01-25,Tivoli Gardens,28835
2020-01-26,PortAventura World,40868
2020-01-26,Tivoli Gardens,28170
2020-01-27,PortAventura World,21872
2020-01-27,Tivoli Gardens,16447
2020-01-28,PortAventura World,17521
2020-01-28,Tivoli Gardens,12279
2020-01-29,PortAventura World,18912
2020-01-29,Tivoli Gardens,11649
2020-01-30,PortAventura World,17041
2020-01-30,Tivoli Gardens,11635
2020-01-31,PortAventura World,28014
2020-01-31,Tivoli Gardens,15489
2020-02-01,PortAventura World,45827
2020-02-01,Tivoli Gardens,29971
2020-02-02,PortAventura World,40066
2020-02-02,Tivoli Gardens,26955
2020-02-03,PortAventura World,26825
2020-02-03,Tivoli Gardens,20104
2020-02-04,PortAventura World,20095
2020-02-04,Tivoli Gardens,15658
2020-02-05,PortAventura World,22870
2020-02-05,Tivoli Gardens,14229
2020-02-06,PortAventura World,24583
2020-02-06,Tivoli Gardens,15438
2020-02-07,PortAventura World,27176
2020-02-07,Tivoli Gardens,16691
2020-02-08,PortAventura World,42548
2020-02-08,Tivoli Gardens,25369
2020-02-09,PortAventura World,29619
2020-02-09,Tivoli Gardens,21939
2020-02-10,PortAventura World,22545
2020-02-10,Tivoli Gardens,15949
2020-02-11,PortAventura World,25690
2020-02-11,Tivoli Gardens,16122
2020-02-12,PortAventura World,27694
2020-02-12,Tivoli Gardens,16881
2020-02-13,PortAventura World,20157
2020-02-13,Tivoli Gardens,14534
2020-02-14,PortAventura World,34748
2020-02-14,Tivoli Gardens,19972
2020-02-15,PortAventura World,53473
2020-02-15,Tivoli Gardens,30850
2020-02-16,PortAventura World,42108
2020-02-16,Tivoli Gardens,27858
2020-02-17,PortAventura World,44228
2020-02-17,Tivoli Gardens,24891
2020-02-18,PortAventura World,52586
2020-02-18,Tivoli Gardens,27834
2020-02-19,PortAventura World,46224
2020-02-19,Tivoli Gardens,26513
2020-02-20,PortAventura World,45062
2020-02-20,Tivoli Gardens,26917
2020-02-21,PortAventura World,55100
2020-02-21,Tivoli Gardens,29670
2020-02-22,PortAventura World,62289
2020-02-22,Tivoli Gardens,34860
2020-02-23,PortAventura World,49949
2020-02-23,Tivoli Gardens,31194
2020-02-24,PortAventura World,54960
2020-02-24,Tivoli Gardens,31566
2020-02-25,PortAventura World,45394
2020-02-25,Tivoli Gardens,28191
2020-02-26,PortAventura World,42705
2020-02-26,Tivoli Gardens,25633
2020-02-27,PortAventura World,40827
2020-02-27,Tivoli Gardens,26690
2020-02-28,PortAventura World,42799
2020-02-28,Tivoli Gardens,25256
2020-02-29,PortAventura World,49312
2020-02-29,Tivoli Gardens,31231
2020-03-01,PortAventura World,33187
2020-03-01,Tivoli Gardens,22455
2020-03-02,PortAventura World,28619
2020-03-02,Tivoli Gardens,18637
2020-03-03,PortAventura World,30985
2020-03-03,Tivoli Gardens,18020
2020-03-04,PortAventura World,27113
2020-03-04,Tivoli Gardens,17584
2020-03-05,PortAventura World,22852
2020-03-05,Tivoli Gardens,17111
2020-03-06,PortAventura World,31879
2020-03-06,Tivoli Gardens,18476
2020-03-07,PortAventura World,57804
2020-03-07,Tivoli Gardens,32972
2020-03-08,PortAventura World,33940
2020-03-08,Tivoli Gardens,22717
2020-03-09,PortAventura World,29947
2020-03-09,Tivoli Gardens,18019
2020-03-10,PortAventura World,21736
2020-03-10,Tivoli Gardens,15626
2020-03-11,PortAventura World,20581
2020-03-11,Tivoli Gardens,13217
2020-03-12,PortAventura World,16165
2020-03-12,Tivoli Gardens,12251
2020-03-13,PortAventura World,17885
2020-03-13,Tivoli Gardens,13747
2020-07-08,PortAventura World,-9914
2020-07-09,Tivoli Gardens,-6084
2020-07-10,PortAventura World,-9959
2020-07-10,Tivoli Gardens,-6102
2020-07-11,PortAventura World,-4108
2020-07-11,Tivoli Gardens,-1653
2020-07-12,PortAventura World,-3004
2020-07-12,Tivoli Gardens,-984
2020-07-13,PortAventura World,4693
2020-07-13,Tivoli Gardens,3030
2020-07-14,PortAventura World,4054
2020-07-14,Tivoli Gardens,3761
2020-07-15,PortAventura World,124
2020-07-15,Tivoli Gardens,-564
2020-07-16,PortAventura World,1690
2020-07-16,Tivoli Gardens,862
2020-07-17,PortAventura World,1305
2020-07-17,Tivoli Gardens,645
2020-07-18,PortAventura World,3159
2020-07-18,Tivoli Gardens,1378
2020-07-19,PortAventura World,2586
2020-07-19,Tivoli Gardens,1763
2020-07-20,PortAventura World,2150
2020-07-20,Tivoli Gardens,556
2020-07-21,PortAventura World,1883
2020-07-21,Tivoli Gardens,1151
2020-07-22,PortAventura World,1828
2020-07-22,Tivoli Gardens,1024
2020-07-23,PortAventura World,1382
2020-07-23,Tivoli Gardens,543
2020-07-24,PortAventura World,1742
2020-07-24,Tivoli Gardens,993
2020-07-25,PortAventura World,8809
2020-07-25,Tivoli Gardens,4593
2020-07-26,PortAventura World,7452
2020-07-26,Tivoli Gardens,4410
2020-07-27,PortAventura World,5566
2020-07-27,Tivoli Gardens,2463
2020-07-28,PortAventura World,6734
2020-07-28,Tivoli Gardens,3702
2020-07-29,PortAventura World,5653
2020-07-29,Tivoli Gardens,3141
2020-07-30,PortAventura World,3999
2020-07-30,Tivoli Gardens,2220
2020-07-31,PortAventura World,192
2020-07-31,Tivoli Gardens,-63
2020-08-01,PortAventura World,7025
2020-08-01,Tivoli Gardens,3632
2020-08-02,PortAventura World,7690
2020-08-02,Tivoli Gardens,4516
2020-08-03,PortAventura World,9932
2020-08-03,Tivoli Gardens,4482
2020-08-04,PortAventura World,15666
2020-08-04,Tivoli Gardens,8288
2020-08-05,PortAventura World,12859
2020-08-05,Tivoli Gardens,7181
2020-08-06,PortAventura World,11211
2020-08-06,Tivoli Gardens,6069
2020-08-07,PortAventura World,5423
2020-08-07,Tivoli Gardens,2792
2020-08-08,PortAventura World,9103
2020-08-08,Tivoli Gardens,4226
2020-08-09,PortAventura World,7228
2020-08-09,Tivoli Gardens,4248
2020-08-10,PortAventura World,9049
2020-08-10,Tivoli Gardens,4071
2020-08-11,PortAventura World,9714
2020-08-11,Tivoli Gardens,5245
2020-08-12,PortAventura World,8320
2020-08-12,Tivoli Gardens,4445
2020-08-13,PortAventura World,8807
2020-08-13,Tivoli Gardens,4763
2020-08-14,PortAventura World,6441
2020-08-14,Tivoli Gardens,3243
2020-08-15,PortAventura World,14284
2020-08-15,Tivoli Gardens,6805
2020-08-16,PortAventura World,6852
2020-08-16,Tivoli Gardens,4315
2020-08-17,PortAventura World,7999
2020-08-17,Tivoli Gardens,4157
2020-08-18,PortAventura World,12865
2020-08-18,Tivoli Gardens,6388
2020-08-19,PortAventura World,10407
2020-08-19,Tivoli Gardens,5890
2020-08-20,PortAventura World,14843
2020-08-20,Tivoli Gardens,7263
2020-08-21,PortAventura World,7237
2020-08-21,Tivoli Gardens,3625
2020-08-22,PortAventura World,13722
2020-08-22,Tivoli Gardens,7087
2020-08-23,PortAventura World,9899
2020-08-23,Tivoli Gardens,6384
2020-08-24,PortAventura World,8526
2020-08-24,Tivoli Gardens,4209
2020-08-25,PortAventura World,7525
2020-08-25,Tivoli Gardens,4263
2020-08-26,PortAventura World,9656
2020-08-26,Tivoli Gardens,4669
2020-08-27,PortAventura World,10933
2020-08-27,Tivoli Gardens,5703
2020-08-28,PortAventura World,6132
2020-08-28,Tivoli Gardens,3508
2020-08-29,PortAventura World,12490
2020-08-29,Tivoli Gardens,7136
2020-08-30,PortAventura World,6948
2020-08-30,Tivoli Gardens,5899
2020-08-31,PortAventura World,1093
2020-08-31,Tivoli Gardens,936
2020-09-01,PortAventura World,-792
2020-09-01,Tivoli Gardens,-321
2020-09-02,PortAventura World,883
2020-09-02,Tivoli Gardens,870
2020-09-03,PortAventura World,-788
2020-09-03,Tivoli Gardens,1
2020-09-04,PortAventura World,-755
2020-09-04,Tivoli Gardens,-399
2020-09-05,PortAventura World,13183
2020-09-05,Tivoli Gardens,7206
2020-09-06,PortAventura World,7996
2020-09-06,Tivoli Gardens,5989
2020-09-07,PortAventura World,-844
2020-09-07,Tivoli Gardens,-375
2020-09-08,PortAventura World,246
2020-09-08,Tivoli Gardens,700
2020-09-09,PortAventura World,1764
2020-09-09,Tivoli Gardens,1285
2020-09-10,PortAventura World,344
2020-09-10,Tivoli Gardens,739
2020-09-11,PortAventura World,3
2020-09-11,Tivoli Gardens,495
2020-09-12,PortAventura World,15733
2020-09-12,Tivoli Gardens,8333
2020-09-13,PortAventura World,11547
2020-09-13,Tivoli Gardens,7633
2020-09-14,PortAventura World,-2474
2020-09-14,Tivoli Gardens,-1004
2020-09-15,PortAventura World,-2571
2020-09-15,Tivoli Gardens,-912
2020-09-16,PortAventura World,-699
2020-09-16,Tivoli Gardens,-274
2020-09-17,PortAventura World,-2049
2020-09-17,Tivoli Gardens,-702
2020-09-18,PortAventura World,-1505
2020-09-18,Tivoli Gardens,-551
2020-09-19,PortAventura World,15137
2020-09-19,Tivoli Gardens,7437
2020-09-20,PortAventura World,11071
2020-09-20,Tivoli Gardens,7632
2020-09-21,PortAventura World,-1129
2020-09-21,Tivoli Gardens,-187
2020-09-22,PortAventura World,-1685
2020-09-22,Tivoli Gardens,-512
2020-09-23,PortAventura World,-1630
2020-09-23,Tivoli Gardens,-673
2020-09-24,PortAventura World,-3700
2020-09-24,Tivoli Gardens,-1765
2020-09-25,PortAventura World,-3076
2020-09-25,Tivoli Gardens,-1261
2020-09-26,PortAventura World,16343
2020-09-26,Tivoli Gardens,7690
2020-09-27,PortAventura World,7644
2020-09-27,Tivoli Gardens,5463
2020-09-28,PortAventura World,-1790
2020-09-28,Tivoli Gardens,-202
2020-09-29,PortAventura World,-2336
2020-09-29,Tivoli Gardens,-665
2020-09-30,PortAventura World,586
2020-09-30,Tivoli Gardens,581
2020-10-01,PortAventura World,-3979
2020-10-01,Tivoli Gardens,-1706
2020-10-02,PortAventura World,-3986
2020-10-02,Tivoli Gardens,-1987
2020-10-03,PortAventura World,10612
2020-10-03,Tivoli Gardens,4601
2020-10-04,PortAventura World,6516
2020-10-04,Tivoli Gardens,4113
2020-10-05,PortAventura World,-2191
2020-10-05,Tivoli Gardens,-2324
2020-10-06,PortAventura World,-2444
2020-10-06,Tivoli Gardens,-2519
2020-10-07,PortAventura World,1743
2020-10-07,Tivoli Gardens,-1090
2020-10-08,PortAventura World,-613
2020-10-08,Tivoli Gardens,-1970
2020-10-09,PortAventura World,-261
2020-10-09,Tivoli Gardens,-1796
2020-10-10,PortAventura World,17700
2020-10-10,Tivoli Gardens,7852
2020-10-11,PortAventura World,14048
2020-10-11,Tivoli Gardens,8406
2020-10-12,PortAventura World,2873
2020-10-12,Tivoli Gardens,-640
2020-10-13,PortAventura World,-1083
2020-10-13,Tivoli Gardens,-1785
2020-10-14,PortAventura World,3283
2020-10-14,Tivoli Gardens,-423
2020-10-15,PortAventura World,1397
2020-10-15,Tivoli Gardens,-872
2020-10-16,PortAventura World,4204
2020-10-16,Tivoli Gardens,-332
2020-10-17,PortAventura World,15349
2020-10-17,Tivoli Gardens,6262
2020-10-18,PortAventura World,15902
2020-10-18,Tivoli Gardens,8183
2020-10-19,PortAventura World,12654
2020-10-19,Tivoli Gardens,5275
2020-10-20,PortAventura World,8348
2020-10-20,Tivoli Gardens,4184
2020-10-21,PortAventura World,10222
2020-10-21,Tivoli Gardens,5666
2020-10-22,PortAventura World,10804
2020-10-22,Tivoli Gardens,5891
2020-10-23,PortAventura World,11954
2020-10-23,Tivoli Gardens,5489
2020-10-24,PortAventura World,17324
2020-10-24,Tivoli Gardens,7414
2020-10-25,PortAventura World,12646
2020-10-25,Tivoli Gardens,7713
2020-10-26,PortAventura World,16448
2020-10-26,Tivoli Gardens,6128
2020-10-27,PortAventura World,9942
2020-10-27,Tivoli Gardens,4749
2020-10-28,PortAventura World,8917
2020-10-28,Tivoli Gardens,3774
2020-10-29,PortAventura World,12539
2020-10-29,Tivoli Gardens,5058
2020-11-25,Tivoli Gardens,-6105
2020-12-10,Tivoli Gardens,-6105
2021-02-04,PortAventura World,-9991
2021-02-04,Tivoli Gardens,-6105
2021-03-09,Tivoli Gardens,-6105
2021-03-10,Tivoli Gardens,-6102
2021-03-11,Tivoli Gardens,-6105
2021-03-16,Tivoli Gardens,-6104
2021-03-25,Tivoli Gardens,-6101
2021-04-12,Tivoli Gardens,-6104
2021-05-11,Tivoli Gardens,-6103
2021-06-01,PortAventura World,-9988
2021-06-02,PortAventura World,-9975
2021-06-03,PortAventura World,-9988
2021-06-03,Tivoli Gardens,-6105
2021-06-04,PortAventura World,-9985
2021-06-07,PortAventura World,-9990
2021-06-11,PortAventura World,-9962
2021-06-11,Tivoli Gardens,-6104
2021-06-12,PortAventura World,-9944
2021-06-13,PortAventura World,-9987
2021-06-13,Tivoli Gardens,-6098
2021-06-14,PortAventura World,-9955
2021-06-15,PortAventura World,4659
2021-06-15,Tivoli Gardens,3379
2021-06-16,PortAventura World,5140
2021-06-16,Tivoli Gardens,4162
2021-06-17,PortAventura World,6920
2021-06-17,Tivoli Gardens,1762
2021-06-18,PortAventura World,9663
2021-06-18,Tivoli Gardens,3977
2021-06-19,PortAventura World,14669
2021-06-19,Tivoli Gardens,6392
2021-06-20,PortAventura World,11292
2021-06-20,Tivoli Gardens,6220
2021-06-21,PortAventura World,9268
2021-06-21,Tivoli Gardens,3833
2021-06-22,PortAventura World,7324
2021-06-22,Tivoli Gardens,3109
2021-06-23,PortAventura World,13187
2021-06-23,Tivoli Gardens,5587
2021-06-24,PortAventura World,12200
2021-06-24,Tivoli Gardens,5237
2021-06-25,PortAventura World,13144
2021-06-25,Tivoli Gardens,5167
2021-06-26,PortAventura World,16211
2021-06-26,Tivoli Gardens,7213
2021-06-27,PortAventura World,12621
2021-06-27,Tivoli Gardens,7164
2021-06-28,PortAventura World,14821
2021-06-28,Tivoli Gardens,6049
2021-06-29,PortAventura World,12412
2021-06-29,Tivoli Gardens,5858
2021-06-30,PortAventura World,15588
2021-06-30,Tivoli Gardens,6095
2021-07-01,PortAventura World,10447
2021-07-01,Tivoli Gardens,4677
2021-07-02,PortAventura World,12526
2021-07-02,Tivoli Gardens,6306
2021-07-03,PortAventura World,21738
2021-07-03,Tivoli Gardens,9339
2021-07-04,PortAventura World,16937
2021-07-04,Tivoli Gardens,9728
2021-07-05,PortAventura World,12321
2021-07-05,Tivoli Gardens,5663
2021-07-06,PortAventura World,13004
2021-07-06,Tivoli Gardens,6061
2021-07-07,PortAventura World,13788
2021-07-07,Tivoli Gardens,5591
2021-07-08,PortAventura World,14430
2021-07-08,Tivoli Gardens,6796
2021-07-09,PortAventura World,14665
2021-07-09,Tivoli Gardens,6592
2021-07-10,PortAventura World,21000
2021-07-10,Tivoli Gardens,8531
2021-07-11,PortAventura World,23814
2021-07-11,Tivoli Gardens,11386
2021-07-12,PortAventura World,15673
2021-07-12,Tivoli Gardens,6700
2021-07-13,PortAventura World,12825
2021-07-13,Tivoli Gardens,6566
2021-07-14,PortAventura World,19521
2021-07-14,Tivoli Gardens,9132
2021-07-15,PortAventura World,21477
2021-07-15,Tivoli Gardens,10795
2021-07-16,PortAventura World,22833
2021-07-16,Tivoli Gardens,10921
2021-07-17,PortAventura World,25040
2021-07-17,Tivoli Gardens,11197
2021-07-18,PortAventura World,23712
2021-07-18,Tivoli Gardens,11909
2021-07-19,PortAventura World,23789
2021-07-19,Tivoli Gardens,10566
2021-07-20,PortAventura World,24462
2021-07-20,Tivoli Gardens,10829
2021-07-21,PortAventura World,19904
2021-07-21,Tivoli Gardens,9191
2021-07-22,PortAventura World,19703
2021-07-22,Tivoli Gardens,9512
2021-07-23,PortAventura World,16569
2021-07-23,Tivoli Gardens,7513
2021-07-24,PortAventura World,20507
2021-07-24,Tivoli Gardens,9105
2021-07-25,PortAventura World,17566
2021-07-25,Tivoli Gardens,9226
2021-07-26,PortAventura World,15573
2021-07-26,Tivoli Gardens,7298
2021-07-27,PortAventura World,16266
2021-07-27,Tivoli Gardens,8400
2021-07-28,PortAventura World,22995
2021-07-28,Tivoli Gardens,10397
2021-07-29,PortAventura World,22849
2021-07-29,Tivoli Gardens,10087
2021-07-30,PortAventura World,17458
2021-07-30,Tivoli Gardens,7747
2021-07-31,PortAventura World,24262
2021-07-31,Tivoli Gardens,10171
2021-08-01,PortAventura World,21262
2021-08-01,Tivoli Gardens,10864
2021-08-02,PortAventura World,18592
2021-08-02,Tivoli Gardens,8134
2021-08-03,PortAventura World,22852
2021-08-03,Tivoli Gardens,10040
2021-08-04,PortAventura World,22441
2021-08-04,Tivoli Gardens,10353
2021-08-05,PortAventura World,24298
2021-08-05,Tivoli Gardens,11189
2021-08-06,PortAventura World,20393
2021-08-06,Tivoli Gardens,8938
2021-08-07,PortAventura World,20798
2021-08-07,Tivoli Gardens,8957
2021-08-08,PortAventura World,23718
2021-08-08,Tivoli Gardens,11239
2021-08-09,PortAventura World,23879
2021-08-09,Tivoli Gardens,9511
2021-08-10,PortAventura World,26002
2021-08-10,Tivoli Gardens,10560
2021-08-11,PortAventura World,26141
2021-08-11,Tivoli Gardens,11838
2021-08-12,PortAventura World,26155
2021-08-12,Tivoli Gardens,11306
2021-08-13,PortAventura World,24138
2021-08-13,Tivoli Gardens,10677
2021-08-14,PortAventura World,24114
2021-08-14,Tivoli Gardens,9720
2021-08-15,PortAventura World,22807
2021-08-15,Tivoli Gardens,10084
2021-08-16,PortAventura World,25195
2021-08-16,Tivoli Gardens,10991
2021-08-17,PortAventura World,26804
2021-08-17,Tivoli Gardens,11785
2021-08-18,PortAventura World,25491
2021-08-18,Tivoli Gardens,11987
2021-08-19,PortAventura World,26821
2021-08-19,Tivoli Gardens,12219
2021-08-20,PortAventura World,26533
2021-08-20,Tivoli Gardens,11681
2021-08-21,PortAventura World,27518
2021-08-21,Tivoli Gardens,11819
2021-08-22,PortAventura World,25742
2021-08-22,Tivoli Gardens,12196
2021-08-23,PortAventura World,24038
2021-08-23,Tivoli Gardens,10540
2021-08-24,PortAventura World,26061
2021-08-24,Tivoli Gardens,11316
2021-08-25,PortAventura World,26400
2021-08-25,Tivoli Gardens,11644
2021-08-26,PortAventura World,25680
2021-08-26,Tivoli Gardens,11721
2021-08-27,PortAventura World,25654
2021-08-27,Tivoli Gardens,11791
2021-08-28,PortAventura World,27710
2021-08-28,Tivoli Gardens,11823
2021-08-29,PortAventura World,28208
2021-08-29,Tivoli Gardens,13279
2021-08-30,PortAventura World,23686
2021-08-30,Tivoli Gardens,11344
2021-08-31,PortAventura World,21575
2021-08-31,Tivoli Gardens,11237
2021-09-01,PortAventura World,20562
2021-09-01,Tivoli Gardens,7612
2021-09-02,PortAventura World,15912
2021-09-02,Tivoli Gardens,7785
2021-09-03,PortAventura World,15477
2021-09-03,Tivoli Gardens,7153
2021-09-04,PortAventura World,24515
2021-09-04,Tivoli Gardens,10926
2021-09-05,PortAventura World,23978
2021-09-05,Tivoli Gardens,12132
2021-09-06,PortAventura World,14073
2021-09-06,Tivoli Gardens,5737
2021-09-07,PortAventura World,14192
2021-09-07,Tivoli Gardens,7574
2021-09-08,PortAventura World,15612
2021-09-08,Tivoli Gardens,7768
2021-09-09,PortAventura World,12965
2021-09-09,Tivoli Gardens,6185
2021-09-10,PortAventura World,11420
2021-09-10,Tivoli Gardens,6053
2021-09-11,PortAventura World,27877
2021-09-11,Tivoli Gardens,10479
2021-09-12,PortAventura World,23777
2021-09-12,Tivoli Gardens,13228
2021-09-13,PortAventura World,11497
2021-09-13,Tivoli Gardens,5095
2021-09-14,PortAventura World,7246
2021-09-14,Tivoli Gardens,4233
2021-09-15,PortAventura World,7552
2021-09-15,Tivoli Gardens,4009
2021-09-16,PortAventura World,11839
2021-09-16,Tivoli Gardens,5189
2021-09-17,PortAventura World,13965
2021-09-17,Tivoli Gardens,6492
2021-09-18,PortAventura World,30472
2021-09-18,Tivoli Gardens,12118
2021-09-19,PortAventura World,24442
2021-09-19,Tivoli Gardens,13382
2021-09-20,PortAventura World,9549
2021-09-20,Tivoli Gardens,4875
2021-09-21,PortAventura World,9999
2021-09-21,Tivoli Gardens,4816
2021-09-22,PortAventura World,11646
2021-09-22,Tivoli Gardens,5152
2021-09-23,PortAventura World,10973
2021-09-23,Tivoli Gardens,4954
2021-09-24,PortAventura World,13846
2021-09-24,Tivoli Gardens,6121
2021-09-25,PortAventura World,34072
2021-09-25,Tivoli Gardens,12616
2021-09-26,PortAventura World,30831
2021-09-26,Tivoli Gardens,16043
2021-09-27,PortAventura World,19327
2021-09-27,Tivoli Gardens,10248
2021-09-28,PortAventura World,8601
2021-09-28,Tivoli Gardens,4283
2021-09-29,PortAventura World,7739
2021-09-29,Tivoli Gardens,2181
2021-09-30,PortAventura World,6973
2021-09-30,Tivoli Gardens,2144
2021-10-01,PortAventura World,9949
2021-10-01,Tivoli Gardens,4580
2021-10-02,PortAventura World,25758
2021-10-02,Tivoli Gardens,13964
2021-10-03,PortAventura World,20059
2021-10-03,Tivoli Gardens,11636
2021-10-04,PortAventura World,14537
2021-10-04,Tivoli Gardens,6826
2021-10-05,PortAventura World,8225
2021-10-05,Tivoli Gardens,5420
2021-10-06,PortAventura World,10922
2021-10-06,Tivoli Gardens,4924
2021-10-07,PortAventura World,11402
2021-10-07,Tivoli Gardens,5244
2021-10-08,PortAventura World,15394
2021-10-08,Tivoli Gardens,6925
2021-10-09,PortAventura World,33895
2021-10-09,Tivoli Gardens,13441
2021-10-10,PortAventura World,31308
2021-10-10,Tivoli Gardens,14755
2021-10-11,PortAventura World,21404
2021-10-11,Tivoli Gardens,9957
2021-10-12,PortAventura World,18217
2021-10-12,Tivoli Gardens,8641
2021-10-13,PortAventura World,18283
2021-10-13,Tivoli Gardens,9021
2021-10-14,PortAventura World,18460
2021-10-14,Tivoli Gardens,8633
2021-10-15,PortAventura World,20139
2021-10-15,Tivoli Gardens,9696
2021-10-16,PortAventura World,30933
2021-10-16,Tivoli Gardens,13490
2021-10-17,PortAventura World,27902
2021-10-17,Tivoli Gardens,14125
2021-10-18,PortAventura World,26731
2021-10-18,Tivoli Gardens,11007
2021-10-19,PortAventura World,25396
2021-10-19,Tivoli Gardens,11309
2021-10-20,PortAventura World,20702
2021-10-20,Tivoli Gardens,10038
2021-10-21,PortAventura World,17227
2021-10-21,Tivoli Gardens,8518
2021-10-22,PortAventura World,26524
2021-10-22,Tivoli Gardens,10790
2021-10-23,PortAventura World,34165
2021-10-23,Tivoli Gardens,13952
2021-10-24,PortAventura World,34149
2021-10-24,Tivoli Gardens,17124
2021-10-25,PortAventura World,31917
2021-10-25,Tivoli Gardens,15114
2021-10-26,PortAventura World,35839
2021-10-26,Tivoli Gardens,16522
2021-10-27,PortAventura World,35953
2021-10-27,Tivoli Gardens,17279
2021-10-28,PortAventura World,36505
2021-10-28,Tivoli Gardens,18234
2021-10-29,PortAventura World,33591
2021-10-29,Tivoli Gardens,16290
2021-10-30,PortAventura World,33960
2021-10-30,Tivoli Gardens,16133
2021-10-31,PortAventura World,64351
2021-10-31,Tivoli Gardens,22672
2021-11-01,PortAventura World,33525
2021-11-01,Tivoli Gardens,16397
2021-11-02,PortAventura World,37095
2021-11-02,Tivoli Gardens,15893
2021-11-03,PortAventura World,33381
2021-11-03,Tivoli Gardens,16206
2021-11-04,PortAventura World,35740
2021-11-04,Tivoli Gardens,16289
2021-11-05,PortAventura World,35332
2021-11-05,Tivoli Gardens,15777
2021-11-06,PortAventura World,37330
2021-11-06,Tivoli Gardens,18204
2021-11-07,PortAventura World,25281
2021-11-07,Tivoli Gardens,14111
2021-11-08,PortAventura World,16792
2021-11-08,Tivoli Gardens,8293
2021-11-09,PortAventura World,17310
2021-11-09,Tivoli Gardens,8446
2021-11-10,PortAventura World,18786
2021-11-10,Tivoli Gardens,9869
2021-11-11,PortAventura World,29867
2021-11-11,Tivoli Gardens,13994
2021-11-12,PortAventura World,35859
2021-11-12,Tivoli Gardens,17391
2021-11-13,PortAventura World,43115
2021-11-13,Tivoli Gardens,19570
2021-11-14,PortAventura World,29659
2021-11-14,Tivoli Gardens,16780
2021-11-15,PortAventura World,20671
2021-11-15,Tivoli Gardens,9339
2021-11-16,PortAventura World,16841
2021-11-16,Tivoli Gardens,8201
2021-11-17,PortAventura World,16597
2021-11-17,Tivoli Gardens,7773
2021-11-18,PortAventura World,22334
2021-11-18,Tivoli Gardens,7627
2021-11-19,PortAventura World,41718
2021-11-19,Tivoli Gardens,23525
2021-11-20,PortAventura World,41774
2021-11-20,Tivoli Gardens,17576
2021-11-21,PortAventura World,27969
2021-11-21,Tivoli Gardens,16836
2021-11-22,PortAventura World,19906
2021-11-22,Tivoli Gardens,8970
2021-11-23,PortAventura World,18330
2021-11-23,Tivoli Gardens,8572
2021-11-24,PortAventura World,17660
2021-11-24,Tivoli Gardens,8515
2021-11-25,PortAventura World,17152
2021-11-25,Tivoli Gardens,8071
2021-11-26,PortAventura World,30485
2021-11-26,Tivoli Gardens,19609
2021-11-27,PortAventura World,37766
2021-11-27,Tivoli Gardens,14840
2021-11-28,PortAventura World,31752
2021-11-28,Tivoli Gardens,16275
2021-11-29,PortAventura World,21981
2021-11-29,Tivoli Gardens,9101
2021-11-30,PortAventura World,31914
2021-11-30,Tivoli Gardens,17777
2021-12-01,PortAventura World,18258
2021-12-01,Tivoli Gardens,7797
2021-12-02,PortAventura World,21425
2021-12-02,Tivoli Gardens,10027
2021-12-03,PortAventura World,34105
2021-12-03,Tivoli Gardens,19011
2021-12-04,PortAventura World,38735
2021-12-04,Tivoli Gardens,15497
2021-12-05,PortAventura World,33126
2021-12-05,Tivoli Gardens,18772
2021-12-06,PortAventura World,32073
2021-12-06,Tivoli Gardens,12004
2021-12-07,PortAventura World,39586
2021-12-07,Tivoli Gardens,22823
2021-12-08,PortAventura World,38162
2021-12-08,Tivoli Gardens,11077
2021-12-09,PortAventura World,22261
2021-12-09,Tivoli Gardens,9684
2021-12-10,PortAventura World,41937
2021-12-10,Tivoli Gardens,18989
2021-12-11,PortAventura World,45727
2021-12-11,Tivoli Gardens,20377
2021-12-12,PortAventura World,35573
2021-12-12,Tivoli Gardens,20671
2021-12-13,PortAventura World,34086
2021-12-13,Tivoli Gardens,12366
2021-12-14,PortAventura World,30394
2021-12-14,Tivoli Gardens,11626
2021-12-15,PortAventura World,35450
2021-12-15,Tivoli Gardens,11709
2021-12-16,PortAventura World,31831
2021-12-16,Tivoli Gardens,10878
2021-12-17,PortAventura World,47050
2021-12-17,Tivoli Gardens,23954
2021-12-18,PortAventura World,36725
2021-12-18,Tivoli Gardens,15639
2021-12-19,PortAventura World,36456
2021-12-19,Tivoli Gardens,18811
2021-12-20,PortAventura World,34070
2021-12-20,Tivoli Gardens,16088
2021-12-21,PortAventura World,41600
2021-12-21,Tivoli Gardens,17660
2021-12-22,PortAventura World,34127
2021-12-22,Tivoli Gardens,15484
2021-12-23,PortAventura World,33230
2021-12-23,Tivoli Gardens,15316
2021-12-24,PortAventura World,24625
2021-12-24,Tivoli Gardens,10545
2021-12-25,PortAventura World,39941
2021-12-25,Tivoli Gardens,16104
2021-12-26,PortAventura World,36766
2021-12-26,Tivoli Gardens,17266
2021-12-27,PortAventura World,44239
2021-12-27,Tivoli Gardens,19854
2021-12-28,PortAventura World,49787
2021-12-28,Tivoli Gardens,21857
2021-12-29,PortAventura World,45147
2021-12-29,Tivoli Gardens,21497
2021-12-30,PortAventura World,45538
2021-12-30,Tivoli Gardens,20689
2021-12-31,PortAventura World,55348
2021-12-31,Tivoli Gardens,25313
2022-01-01,PortAventura World,44021
2022-01-01,Tivoli Gardens,20475
2022-01-02,PortAventura World,33435
2022-01-02,Tivoli Gardens,16781
2022-01-03,PortAventura World,27703
2022-01-03,Tivoli Gardens,10236
2022-01-04,PortAventura World,23785
2022-01-04,Tivoli Gardens,10714
2022-01-05,PortAventura World,31108
2022-01-05,Tivoli Gardens,11982
2022-01-06,PortAventura World,28293
2022-01-06,Tivoli Gardens,12153
2022-01-07,PortAventura World,22901
2022-01-07,Tivoli Gardens,10812
2022-01-08,PortAventura World,36504
2022-01-08,Tivoli Gardens,14869
2022-01-09,PortAventura World,29969
2022-01-09,Tivoli Gardens,14996
2022-01-10,PortAventura World,17262
2022-01-10,Tivoli Gardens,9188
2022-01-11,PortAventura World,11731
2022-01-11,Tivoli Gardens,6328
2022-01-12,PortAventura World,11946
2022-01-12,Tivoli Gardens,5851
2022-01-13,PortAventura World,12218
2022-01-13,Tivoli Gardens,6391
2022-01-14,PortAventura World,10204
2022-01-14,Tivoli Gardens,7333
2022-01-15,PortAventura World,35765
2022-01-15,Tivoli Gardens,20470
2022-01-16,PortAventura World,18347
2022-01-16,Tivoli Gardens,10828
2022-01-17,PortAventura World,9960
2022-01-17,Tivoli Gardens,5394
2022-01-18,PortAventura World,6530
2022-01-18,Tivoli Gardens,3414
2022-01-19,PortAventura World,4774
2022-01-19,Tivoli Gardens,2608
2022-01-20,PortAventura World,6610
2022-01-20,Tivoli Gardens,3462
2022-01-21,PortAventura World,7693
2022-01-21,Tivoli Gardens,4107
2022-01-22,PortAventura World,23125
2022-01-22,Tivoli Gardens,10699
2022-01-23,PortAventura World,19449
2022-01-23,Tivoli Gardens,12287
2022-01-24,PortAventura World,9224
2022-01-24,Tivoli Gardens,5020
2022-01-25,PortAventura World,4994
2022-01-25,Tivoli Gardens,3124
2022-01-26,PortAventura World,5159
2022-01-26,Tivoli Gardens,2857
2022-01-27,PortAventura World,6064
2022-01-27,Tivoli Gardens,3365
2022-01-28,PortAventura World,8421
2022-01-28,Tivoli Gardens,4449
2022-01-29,PortAventura World,19914
2022-01-29,Tivoli Gardens,10746
2022-01-30,PortAventura World,20935
2022-01-30,Tivoli Gardens,12987
2022-01-31,PortAventura World,10296
2022-01-31,Tivoli Gardens,5816
2022-02-01,PortAventura World,5947
2022-02-01,Tivoli Gardens,3702
2022-02-02,PortAventura World,7797
2022-02-02,Tivoli Gardens,4140
2022-02-03,PortAventura World,9986
2022-02-03,Tivoli Gardens,5041
2022-02-04,PortAventura World,10322
2022-02-04,Tivoli Gardens,6094
2022-02-05,PortAventura World,23032
2022-02-05,Tivoli Gardens,12030
2022-02-06,PortAventura World,19203
2022-02-06,Tivoli Gardens,14030
2022-02-07,PortAventura World,22073
2022-02-07,Tivoli Gardens,13159
2022-02-08,PortAventura World,19537
2022-02-08,Tivoli Gardens,13110
2022-02-09,PortAventura World,20363
2022-02-09,Tivoli Gardens,12621
2022-02-10,PortAventura World,16755
2022-02-10,Tivoli Gardens,11819
2022-02-11,PortAventura World,18223
2022-02-11,Tivoli Gardens,11406
2022-02-12,PortAventura World,30480
2022-02-12,Tivoli Gardens,16751
2022-02-13,PortAventura World,27346
2022-02-13,Tivoli Gardens,17566
2022-02-14,PortAventura World,23314
2022-02-14,Tivoli Gardens,12788
2022-02-15,PortAventura World,22964
2022-02-15,Tivoli Gardens,13572
2022-02-16,PortAventura World,23383
2022-02-16,Tivoli Gardens,13159
2022-02-17,PortAventura World,28747
2022-02-17,Tivoli Gardens,14737
2022-02-18,PortAventura World,22089
2022-02-18,Tivoli Gardens,13201
2022-02-19,PortAventura World,32228
2022-02-19,Tivoli Gardens,16433
2022-02-20,PortAventura World,24807
2022-02-20,Tivoli Gardens,14669
2022-02-21,PortAventura World,21691
2022-02-21,Tivoli Gardens,10711
2022-02-22,PortAventura World,23205
2022-02-22,Tivoli Gardens,12616
2022-02-23,PortAventura World,29166
2022-02-23,Tivoli Gardens,13926
2022-02-24,PortAventura World,23557
2022-02-24,Tivoli Gardens,12689
2022-02-25,PortAventura World,28304
2022-02-25,Tivoli Gardens,14103
2022-02-26,PortAventura World,37074
2022-02-26,Tivoli Gardens,18078
2022-02-27,PortAventura World,34293
2022-02-27,Tivoli Gardens,18291
2022-02-28,PortAventura World,36332
2022-02-28,Tivoli Gardens,17941
2022-03-01,PortAventura World,29722
2022-03-01,Tivoli Gardens,15115
2022-03-02,PortAventura World,28665
2022-03-02,Tivoli Gardens,15569
2022-03-03,PortAventura World,32735
2022-03-03,Tivoli Gardens,17439
2022-03-04,PortAventura World,30997
2022-03-04,Tivoli Gardens,15952
2022-03-05,PortAventura World,35594
2022-03-05,Tivoli Gardens,18353
2022-03-06,PortAventura World,40178
2022-03-06,Tivoli Gardens,19339
2022-03-07,PortAventura World,26731
2022-03-07,Tivoli Gardens,11885
2022-03-08,PortAventura World,22901
2022-03-08,Tivoli Gardens,11400
2022-03-09,PortAventura World,23663
2022-03-09,Tivoli Gardens,10994
2022-03-10,PortAventura World,25706
2022-03-10,Tivoli Gardens,11320
2022-03-11,PortAventura World,24592
2022-03-11,Tivoli Gardens,12271
2022-03-12,PortAventura World,40846
2022-03-12,Tivoli Gardens,18903
2022-03-13,PortAventura World,33166
2022-03-13,Tivoli Gardens,19141
2022-03-14,PortAventura World,29971
2022-03-14,Tivoli Gardens,12529
2022-03-15,PortAventura World,23065
2022-03-15,Tivoli Gardens,12642
2022-03-16,PortAventura World,29843
2022-03-16,Tivoli Gardens,13344
2022-03-17,PortAventura World,28405
2022-03-17,Tivoli Gardens,12419
2022-03-18,PortAventura World,35019
2022-03-18,Tivoli Gardens,15392
2022-03-19,PortAventura World,50052
2022-03-19,Tivoli Gardens,23114
2022-03-20,PortAventura World,40579
2022-03-20,Tivoli Gardens,21130
2022-03-21,PortAventura World,31183
2022-03-21,Tivoli Gardens,13561
2022-03-22,PortAventura World,28081
2022-03-22,Tivoli Gardens,12912
2022-03-23,PortAventura World,29208
2022-03-23,Tivoli Gardens,13071
2022-03-24,PortAventura World,31071
2022-03-24,Tivoli Gardens,13677
2022-03-25,PortAventura World,41375
2022-03-25,Tivoli Gardens,15634
2022-03-26,PortAventura World,52723
2022-03-26,Tivoli Gardens,22405
2022-03-27,PortAventura World,44387
2022-03-27,Tivoli Gardens,21959
2022-03-28,PortAventura World,40244
2022-03-28,Tivoli Gardens,15470
2022-03-29,PortAventura World,29361
2022-03-29,Tivoli Gardens,14327
2022-03-30,PortAventura World,31868
2022-03-30,Tivoli Gardens,13801
2022-03-31,PortAventura World,25984
2022-03-31,Tivoli Gardens,12640
2022-04-01,PortAventura World,25335
2022-04-01,Tivoli Gardens,11856
2022-04-02,PortAventura World,39159
2022-04-02,Tivoli Gardens,17311
2022-04-03,PortAventura World,35848
2022-04-03,Tivoli Gardens,18717
2022-04-04,PortAventura World,38509
2022-04-04,Tivoli Gardens,16583
2022-04-05,PortAventura World,38824
2022-04-05,Tivoli Gardens,19527
2022-04-06,PortAventura World,37922
2022-04-06,Tivoli Gardens,18681
2022-04-07,PortAventura World,36795
2022-04-07,Tivoli Gardens,19316
2022-04-08,PortAventura World,27410
2022-04-08,Tivoli Gardens,16702
2022-04-09,PortAventura World,41478
2022-04-09,Tivoli Gardens,17765
2022-04-10,PortAventura World,48238
2022-04-10,Tivoli Gardens,21604
2022-04-11,PortAventura World,57910
2022-04-11,Tivoli Gardens,24408
2022-04-12,PortAventura World,61684
2022-04-12,Tivoli Gardens,22482
2022-04-13,PortAventura World,47648
2022-04-13,Tivoli Gardens,23212
2022-04-14,PortAventura World,54015
2022-04-14,Tivoli Gardens,23437
2022-04-15,PortAventura World,52763
2022-04-15,Tivoli Gardens,22576
2022-04-16,PortAventura World,54906
2022-04-16,Tivoli Gardens,23610
2022-04-17,PortAventura World,54257
2022-04-17,Tivoli Gardens,25763
2022-04-18,PortAventura World,50143
2022-04-18,Tivoli Gardens,22235
2022-04-19,PortAventura World,52271
2022-04-19,Tivoli Gardens,22338
2022-04-20,PortAventura World,52229
2022-04-20,Tivoli Gardens,23270
2022-04-21,PortAventura World,53229
2022-04-21,Tivoli Gardens,24757
2022-04-22,PortAventura World,51675
2022-04-22,Tivoli Gardens,23256
2022-04-23,PortAventura World,49911
2022-04-23,Tivoli Gardens,23397
2022-04-24,PortAventura World,42486
2022-04-24,Tivoli Gardens,21283
2022-04-25,PortAventura World,47307
2022-04-25,Tivoli Gardens,20934
2022-04-26,PortAventura World,49448
2022-04-26,Tivoli Gardens,23559
2022-04-27,PortAventura World,46496
2022-04-27,Tivoli Gardens,21847
2022-04-28,PortAventura World,48086
2022-04-28,Tivoli Gardens,22363
2022-04-29,PortAventura World,45275
2022-04-29,Tivoli Gardens,20872
2022-04-30,PortAventura World,50132
2022-04-30,Tivoli Gardens,21315
2022-05-01,PortAventura World,45629
2022-05-01,Tivoli Gardens,22158
2022-05-02,PortAventura World,47266
2022-05-02,Tivoli Gardens,20568
2022-05-03,PortAventura World,50745
2022-05-03,Tivoli Gardens,22289
2022-05-04,PortAventura World,48640
2022-05-04,Tivoli Gardens,22435
2022-05-05,PortAventura World,51468
2022-05-05,Tivoli Gardens,24261
2022-05-06,PortAventura World,48283
2022-05-06,Tivoli Gardens,22282
2022-05-07,PortAventura World,54309
2022-05-07,Tivoli Gardens,24223
2022-05-08,PortAventura World,44581
2022-05-08,Tivoli Gardens,23880
2022-05-09,PortAventura World,45295
2022-05-09,Tivoli Gardens,19756
2022-05-10,PortAventura World,39510
2022-05-10,Tivoli Gardens,18039
2022-05-11,PortAventura World,39297
2022-05-11,Tivoli Gardens,16667
2022-05-12,PortAventura World,42626
2022-05-12,Tivoli Gardens,18855
2022-05-13,PortAventura World,47917
2022-05-13,Tivoli Gardens,21498
2022-05-14,PortAventura World,54698
2022-05-14,Tivoli Gardens,22779
2022-05-15,PortAventura World,45262
2022-05-15,Tivoli Gardens,23834
2022-05-16,PortAventura World,47507
2022-05-16,Tivoli Gardens,20834
2022-05-17,PortAventura World,43990
2022-05-17,Tivoli Gardens,20700
2022-05-18,PortAventura World,41325
2022-05-18,Tivoli Gardens,17828
2022-05-19,PortAventura World,40470
2022-05-19,Tivoli Gardens,17894
2022-05-20,PortAventura World,45271
2022-05-20,Tivoli Gardens,20871
2022-05-21,PortAventura World,57144
2022-05-21,Tivoli Gardens,24911
2022-05-22,PortAventura World,48255
2022-05-22,Tivoli Gardens,23650
2022-05-23,PortAventura World,43194
2022-05-23,Tivoli Gardens,21503
2022-05-24,PortAventura World,51491
2022-05-24,Tivoli Gardens,23276
2022-05-25,PortAventura World,53619
2022-05-25,Tivoli Gardens,22111
2022-05-26,PortAventura World,52831
2022-05-26,Tivoli Gardens,21802
2022-05-27,PortAventura World,55024
2022-05-27,Tivoli Gardens,23880
2022-05-28,PortAventura World,53520
2022-05-28,Tivoli Gardens,25426
2022-05-29,PortAventura World,45904
2022-05-29,Tivoli Gardens,22689
2022-05-30,PortAventura World,49027
2022-05-30,Tivoli Gardens,22108
2022-05-31,PortAventura World,48719
2022-05-31,Tivoli Gardens,23819
2022-06-01,PortAventura World,47430
2022-06-01,Tivoli Gardens,22116
2022-06-02,PortAventura World,50009
2022-06-02,Tivoli Gardens,21039
2022-06-03,PortAventura World,49400
2022-06-03,Tivoli Gardens,23633
2022-06-04,PortAventura World,48402
2022-06-04,Tivoli Gardens,22357
2022-06-05,PortAventura World,53008
2022-06-05,Tivoli Gardens,25748
2022-06-06,PortAventura World,54073
2022-06-06,Tivoli Gardens,25522
2022-06-07,PortAventura World,54167
2022-06-07,Tivoli Gardens,24805
2022-06-08,PortAventura World,44518
2022-06-08,Tivoli Gardens,22154
2022-06-09,PortAventura World,51750
2022-06-09,Tivoli Gardens,23941
2022-06-10,PortAventura World,52451
2022-06-10,Tivoli Gardens,23325
2022-06-11,PortAventura World,53184
2022-06-11,Tivoli Gardens,27004
2022-06-12,PortAventura World,48297
2022-06-12,Tivoli Gardens,29936
2022-06-13,PortAventura World,52095
2022-06-13,Tivoli Gardens,21054
2022-06-14,PortAventura World,49142
2022-06-14,Tivoli Gardens,22220
2022-06-15,PortAventura World,39839
2022-06-15,Tivoli Gardens,18184
2022-06-16,PortAventura World,48958
2022-06-16,Tivoli Gardens,18347
2022-06-17,PortAventura World,52410
2022-06-17,Tivoli Gardens,21954
2022-06-18,PortAventura World,46142
2022-06-18,Tivoli Gardens,22049
2022-06-19,PortAventura World,42050
2022-06-19,Tivoli Gardens,19612
2022-06-20,PortAventura World,50903
2022-06-20,Tivoli Gardens,21889
2022-06-21,PortAventura World,47390
2022-06-21,Tivoli Gardens,21658
2022-06-22,PortAventura World,48133
2022-06-22,Tivoli Gardens,23578
2022-06-23,PortAventura World,50654
2022-06-23,Tivoli Gardens,22298
2022-06-24,PortAventura World,51178
2022-06-24,Tivoli Gardens,23838
2022-06-25,PortAventura World,44728
2022-06-25,Tivoli Gardens,22521
2022-06-26,PortAventura World,45930
2022-06-26,Tivoli Gardens,22631
2022-06-27,PortAventura World,47382
2022-06-27,Tivoli Gardens,20782
2022-06-28,PortAventura World,48350
2022-06-28,Tivoli Gardens,21949
2022-06-29,PortAventura World,45662
2022-06-29,Tivoli Gardens,21989
2022-06-30,PortAventura World,37383
2022-06-30,Tivoli Gardens,19549
2022-07-01,PortAventura World,45094
2022-07-01,Tivoli Gardens,19781
2022-07-02,PortAventura World,51153
2022-07-02,Tivoli Gardens,21305
2022-07-03,PortAventura World,45441
2022-07-03,Tivoli Gardens,22261
2022-07-04,PortAventura World,47474
2022-07-04,Tivoli Gardens,20190
2022-07-05,PortAventura World,46780
2022-07-05,Tivoli Gardens,20412
2022-07-06,PortAventura World,46463
2022-07-06,Tivoli Gardens,21569
2022-07-07,PortAventura World,44514
2022-07-07,Tivoli Gardens,20736
2022-07-08,PortAventura World,40119
2022-07-08,Tivoli Gardens,17518
2022-07-09,PortAventura World,39407
2022-07-09,Tivoli Gardens,18081
2022-07-10,PortAventura World,42301
2022-07-10,Tivoli Gardens,20584
2022-07-11,PortAventura World,46846
2022-07-11,Tivoli Gardens,18667
2022-07-12,PortAventura World,53867
2022-07-12,Tivoli Gardens,23110
2022-07-13,PortAventura World,48036
2022-07-13,Tivoli Gardens,20562
2022-07-14,PortAventura World,50034
2022-07-14,Tivoli Gardens,20408
2022-07-15,PortAventura World,49571
2022-07-15,Tivoli Gardens,24023
2022-07-16,PortAventura World,48408
2022-07-16,Tivoli Gardens,23416
2022-07-17,PortAventura World,40938
2022-07-17,Tivoli Gardens,20918
2022-07-18,PortAventura World,46808
2022-07-18,Tivoli Gardens,21109
2022-07-19,PortAventura World,46753
2022-07-19,Tivoli Gardens,21048
2022-07-20,PortAventura World,45627
2022-07-20,Tivoli Gardens,30987
2022-07-21,PortAventura World,52637
2022-07-21,Tivoli Gardens,29641
2022-07-22,PortAventura World,49586
2022-07-22,Tivoli Gardens,27924
2022-07-23,PortAventura World,51748
2022-07-23,Tivoli Gardens,27538
2022-07-24,PortAventura World,45261
2022-07-24,Tivoli Gardens,26798
2022-07-25,PortAventura World,53764
2022-07-25,Tivoli Gardens,27061
2022-07-26,PortAventura World,26391
2022-07-26,Tivoli Gardens,14882
